eed9621b-6412-4f4b-a166-758882cc7a4c;2024-03-19T06:59:00Z;3050;3050;3050;3050;9614;
eed9621b-6412-4f4b-a166-758882cc7a4c;2024-03-19T07:00:00Z;3050;3055;3060;3043;23780;
eed9621b-6412-4f4b-a166-758882cc7a4c;2024-03-19T07:01:00Z;3055;3050.5;3067;3050;29553;
eed9621b-6412-4f4b-a166-758882cc7a4c;2024-03-19T07:02:00Z;3051.5;3049.5;3053.5;3045;15870;
eed9621b-6412-4f4b-a166-758882cc7a4c;2024-03-19T07:03:00Z;3048.5;3058;3064;3047.5;12388;
eed9621b-6412-4f4b-a166-758882cc7a4c;2024-03-19T07:04:00Z;3058;3053.5;3060;3048;10614;
eed9621b-6412-4f4b-a166-758882cc7a4c;2024-03-19T07:05:00Z;3053;3053.5;3058.5;3051;4530;
eed9621b-6412-4f4b-a166-758882cc7a4c;2024-03-19T07:06:00Z;3053;3033.5;3056;3033;19071;
eed9621b-6412-4f4b-a166-758882cc7a4c;2024-03-19T07:07:00Z;3033.5;3044.5;3049;3030;26344;
eed9621b-6412-4f4b-a166-758882cc7a4c;2024-03-19T07:08:00Z;3044.5;3038;3044.5;3035;10591;
eed9621b-6412-4f4b-a166-758882cc7a4c;2024-03-19T07:09:00Z;3038.5;3037;3040;3035;5273;
eed9621b-6412-4f4b-a166-758882cc7a4c;2024-03-19T07:10:00Z;3036.5;3040;3045;3036.5;15834;
eed9621b-6412-4f4b-a166-758882cc7a4c;2024-03-19T07:11:00Z;3040;3051.5;3053.5;3038;33687;
eed9621b-6412-4f4b-a166-758882cc7a4c;2024-03-19T07:12:00Z;3051.5;3044.5;3053;3039;23763;
eed9621b-6412-4f4b-a166-758882cc7a4c;2024-03-19T07:13:00Z;3044;3048;3052;3043;14048;
eed9621b-6412-4f4b-a166-758882cc7a4c;2024-03-19T07:14:00Z;3048;3051.5;3053;3044.5;10252;
eed9621b-6412-4f4b-a166-758882cc7a4c;2024-03-19T07:15:00Z;3051.5;3050;3053.5;3050;8692;
eed9621b-6412-4f4b-a166-758882cc7a4c;2024-03-19T07:16:00Z;3050;3055;3056.5;3050;19291;
eed9621b-6412-4f4b-a166-758882cc7a4c;2024-03-19T07:17:00Z;3055;3055.5;3056.5;3055;3634;
eed9621b-6412-4f4b-a166-758882cc7a4c;2024-03-19T07:18:00Z;3055;3058.5;3058.5;3055;8746;
eed9621b-6412-4f4b-a166-758882cc7a4c;2024-03-19T07:19:00Z;3056.5;3052.5;3058.5;3052.5;16297;
eed9621b-6412-4f4b-a166-758882cc7a4c;2024-03-19T07:20:00Z;3053.5;3042.5;3055.5;3042.5;22315;
eed9621b-6412-4f4b-a166-758882cc7a4c;2024-03-19T07:21:00Z;3042.5;3043.5;3045;3041;34308;
eed9621b-6412-4f4b-a166-758882cc7a4c;2024-03-19T07:22:00Z;3043.5;3052.5;3057.5;3043;14138;
eed9621b-6412-4f4b-a166-758882cc7a4c;2024-03-19T07:23:00Z;3052.5;3052;3059;3049.5;10747;
eed9621b-6412-4f4b-a166-758882cc7a4c;2024-03-19T07:24:00Z;3051;3046.5;3052.5;3041;18762;
eed9621b-6412-4f4b-a166-758882cc7a4c;2024-03-19T07:25:00Z;3046.5;3047.5;3049.5;3043;4143;
eed9621b-6412-4f4b-a166-758882cc7a4c;2024-03-19T07:26:00Z;3048;3046.5;3053;3041;44596;
eed9621b-6412-4f4b-a166-758882cc7a4c;2024-03-19T07:27:00Z;3046.5;3055;3056.5;3043;34012;
eed9621b-6412-4f4b-a166-758882cc7a4c;2024-03-19T07:28:00Z;3055;3046.5;3056;3044;40283;
eed9621b-6412-4f4b-a166-758882cc7a4c;2024-03-19T07:29:00Z;3045.5;3052;3052.5;3044;71338;
eed9621b-6412-4f4b-a166-758882cc7a4c;2024-03-19T07:30:00Z;3051.5;3051;3053;3048.5;11944;
eed9621b-6412-4f4b-a166-758882cc7a4c;2024-03-19T07:31:00Z;3051.5;3047;3055;3044;30072;
eed9621b-6412-4f4b-a166-758882cc7a4c;2024-03-19T07:32:00Z;3046.5;3073.5;3074;3046;131290;
eed9621b-6412-4f4b-a166-758882cc7a4c;2024-03-19T07:33:00Z;3073;3059.5;3074;3059.5;47686;
eed9621b-6412-4f4b-a166-758882cc7a4c;2024-03-19T07:34:00Z;3060;3049;3060;3044;34359;
eed9621b-6412-4f4b-a166-758882cc7a4c;2024-03-19T07:35:00Z;3048.5;3049.5;3053.5;3048;29512;
eed9621b-6412-4f4b-a166-758882cc7a4c;2024-03-19T07:36:00Z;3049.5;3052;3052.5;3047.5;19064;
eed9621b-6412-4f4b-a166-758882cc7a4c;2024-03-19T07:37:00Z;3052;3051.5;3052.5;3050;10585;
eed9621b-6412-4f4b-a166-758882cc7a4c;2024-03-19T07:38:00Z;3052;3051.5;3053;3051.5;1825;
eed9621b-6412-4f4b-a166-758882cc7a4c;2024-03-19T07:39:00Z;3052;3055.5;3055.5;3051.5;6644;
eed9621b-6412-4f4b-a166-758882cc7a4c;2024-03-19T07:40:00Z;3055;3058.5;3060;3055;14937;
eed9621b-6412-4f4b-a166-758882cc7a4c;2024-03-19T07:41:00Z;3058;3057.5;3059;3055;14643;
eed9621b-6412-4f4b-a166-758882cc7a4c;2024-03-19T07:42:00Z;3058;3061.5;3063;3055;14044;
eed9621b-6412-4f4b-a166-758882cc7a4c;2024-03-19T07:43:00Z;3060.5;3061.5;3062;3060;5842;
eed9621b-6412-4f4b-a166-758882cc7a4c;2024-03-19T07:44:00Z;3061.5;3063;3065.5;3061;6026;
eed9621b-6412-4f4b-a166-758882cc7a4c;2024-03-19T07:45:00Z;3063;3056.5;3063.5;3055;20965;
eed9621b-6412-4f4b-a166-758882cc7a4c;2024-03-19T07:46:00Z;3055.5;3056.5;3060;3055;8177;
eed9621b-6412-4f4b-a166-758882cc7a4c;2024-03-19T07:47:00Z;3056;3056;3058;3054;6043;
eed9621b-6412-4f4b-a166-758882cc7a4c;2024-03-19T07:48:00Z;3056;3055.5;3057.5;3055;2697;
eed9621b-6412-4f4b-a166-758882cc7a4c;2024-03-19T07:49:00Z;3056;3064.5;3075;3054;89822;
eed9621b-6412-4f4b-a166-758882cc7a4c;2024-03-19T07:50:00Z;3064;3060;3064.5;3055;19480;
eed9621b-6412-4f4b-a166-758882cc7a4c;2024-03-19T07:51:00Z;3060.5;3057;3063.5;3056.5;9243;
eed9621b-6412-4f4b-a166-758882cc7a4c;2024-03-19T07:52:00Z;3058;3058.5;3061;3056;9885;
eed9621b-6412-4f4b-a166-758882cc7a4c;2024-03-19T07:53:00Z;3057;3058.5;3059.5;3057;1871;
eed9621b-6412-4f4b-a166-758882cc7a4c;2024-03-19T07:54:00Z;3058.5;3059;3061;3058.5;2165;
eed9621b-6412-4f4b-a166-758882cc7a4c;2024-03-19T07:55:00Z;3060;3055.5;3062;3054;17950;
eed9621b-6412-4f4b-a166-758882cc7a4c;2024-03-19T07:56:00Z;3056;3059;3059;3054;6548;
eed9621b-6412-4f4b-a166-758882cc7a4c;2024-03-19T07:57:00Z;3058.5;3060;3063;3056;16635;
eed9621b-6412-4f4b-a166-758882cc7a4c;2024-03-19T07:58:00Z;3060;3061;3062;3060;2666;
eed9621b-6412-4f4b-a166-758882cc7a4c;2024-03-19T07:59:00Z;3061;3060;3061.5;3060;1376;
eed9621b-6412-4f4b-a166-758882cc7a4c;2024-03-19T08:00:00Z;3060;3063.5;3063.5;3060;5141;
eed9621b-6412-4f4b-a166-758882cc7a4c;2024-03-19T08:01:00Z;3063;3061.5;3063.5;3060;5279;
eed9621b-6412-4f4b-a166-758882cc7a4c;2024-03-19T08:02:00Z;3061;3063;3064;3061;1444;
eed9621b-6412-4f4b-a166-758882cc7a4c;2024-03-19T08:03:00Z;3062.5;3061.5;3064;3060;18331;
eed9621b-6412-4f4b-a166-758882cc7a4c;2024-03-19T08:04:00Z;3061;3062;3063;3060.5;1937;
eed9621b-6412-4f4b-a166-758882cc7a4c;2024-03-19T08:05:00Z;3062.5;3061;3063.5;3060.5;2105;
eed9621b-6412-4f4b-a166-758882cc7a4c;2024-03-19T08:06:00Z;3061.5;3060.5;3062;3060.5;3310;
eed9621b-6412-4f4b-a166-758882cc7a4c;2024-03-19T08:07:00Z;3060.5;3060;3061;3060;8824;
eed9621b-6412-4f4b-a166-758882cc7a4c;2024-03-19T08:08:00Z;3060;3058.5;3060.5;3056.5;16471;
eed9621b-6412-4f4b-a166-758882cc7a4c;2024-03-19T08:09:00Z;3058.5;3059.5;3060;3055.5;8667;
eed9621b-6412-4f4b-a166-758882cc7a4c;2024-03-19T08:10:00Z;3057.5;3057;3060;3055.5;6084;
eed9621b-6412-4f4b-a166-758882cc7a4c;2024-03-19T08:11:00Z;3056;3056;3058;3055.5;8358;
eed9621b-6412-4f4b-a166-758882cc7a4c;2024-03-19T08:12:00Z;3055.5;3056;3058;3055.5;898;
eed9621b-6412-4f4b-a166-758882cc7a4c;2024-03-19T08:13:00Z;3056.5;3056;3059.5;3056;2916;
eed9621b-6412-4f4b-a166-758882cc7a4c;2024-03-19T08:14:00Z;3056.5;3052.5;3058.5;3052.5;21363;
eed9621b-6412-4f4b-a166-758882cc7a4c;2024-03-19T08:15:00Z;3052.5;3054;3057.5;3052;11538;
eed9621b-6412-4f4b-a166-758882cc7a4c;2024-03-19T08:16:00Z;3054.5;3054.5;3055;3053;1880;
eed9621b-6412-4f4b-a166-758882cc7a4c;2024-03-19T08:17:00Z;3054;3055.5;3057;3052.5;4451;
eed9621b-6412-4f4b-a166-758882cc7a4c;2024-03-19T08:18:00Z;3056;3056;3057;3054;6395;
eed9621b-6412-4f4b-a166-758882cc7a4c;2024-03-19T08:19:00Z;3056;3055;3057.5;3054.5;2682;
eed9621b-6412-4f4b-a166-758882cc7a4c;2024-03-19T08:20:00Z;3055.5;3056.5;3058;3055;1164;
eed9621b-6412-4f4b-a166-758882cc7a4c;2024-03-19T08:21:00Z;3057;3054;3058;3054;3694;
eed9621b-6412-4f4b-a166-758882cc7a4c;2024-03-19T08:22:00Z;3054;3055;3055;3054;1391;
eed9621b-6412-4f4b-a166-758882cc7a4c;2024-03-19T08:23:00Z;3054.5;3054;3055.5;3054;2593;
eed9621b-6412-4f4b-a166-758882cc7a4c;2024-03-19T08:24:00Z;3054.5;3055.5;3057;3054;3656;
eed9621b-6412-4f4b-a166-758882cc7a4c;2024-03-19T08:25:00Z;3055;3055.5;3056.5;3054;8338;
eed9621b-6412-4f4b-a166-758882cc7a4c;2024-03-19T08:26:00Z;3056;3057.5;3058.5;3055.5;4763;
eed9621b-6412-4f4b-a166-758882cc7a4c;2024-03-19T08:27:00Z;3057;3056;3058.5;3055.5;6783;
eed9621b-6412-4f4b-a166-758882cc7a4c;2024-03-19T08:28:00Z;3056.5;3063.5;3064.5;3056;13622;
eed9621b-6412-4f4b-a166-758882cc7a4c;2024-03-19T08:29:00Z;3063.5;3063.5;3065;3063;10307;
eed9621b-6412-4f4b-a166-758882cc7a4c;2024-03-19T08:30:00Z;3064;3063;3064.5;3061.5;5293;
eed9621b-6412-4f4b-a166-758882cc7a4c;2024-03-19T08:31:00Z;3062;3061;3063;3060.5;1408;
eed9621b-6412-4f4b-a166-758882cc7a4c;2024-03-19T08:32:00Z;3061.5;3063;3064;3060;11822;
eed9621b-6412-4f4b-a166-758882cc7a4c;2024-03-19T08:33:00Z;3061.5;3061.5;3063;3061;1336;
eed9621b-6412-4f4b-a166-758882cc7a4c;2024-03-19T08:34:00Z;3062;3063;3064;3061;7603;
eed9621b-6412-4f4b-a166-758882cc7a4c;2024-03-19T08:35:00Z;3062;3065;3065.5;3061;3011;
eed9621b-6412-4f4b-a166-758882cc7a4c;2024-03-19T08:36:00Z;3065;3068;3069.5;3065;5029;
eed9621b-6412-4f4b-a166-758882cc7a4c;2024-03-19T08:37:00Z;3067.5;3078;3078;3065.5;47905;
eed9621b-6412-4f4b-a166-758882cc7a4c;2024-03-19T08:38:00Z;3077.5;3081;3084;3076;23814;
eed9621b-6412-4f4b-a166-758882cc7a4c;2024-03-19T08:39:00Z;3081;3083;3083;3078.5;7288;
eed9621b-6412-4f4b-a166-758882cc7a4c;2024-03-19T08:40:00Z;3083;3084;3086;3080;24506;
eed9621b-6412-4f4b-a166-758882cc7a4c;2024-03-19T08:41:00Z;3084.5;3090.5;3092;3083.5;62748;
eed9621b-6412-4f4b-a166-758882cc7a4c;2024-03-19T08:42:00Z;3090.5;3093.5;3100;3087.5;261376;
eed9621b-6412-4f4b-a166-758882cc7a4c;2024-03-19T08:43:00Z;3093.5;3095;3098;3092.5;43138;
eed9621b-6412-4f4b-a166-758882cc7a4c;2024-03-19T08:44:00Z;3095;3100;3101;3093;21309;
eed9621b-6412-4f4b-a166-758882cc7a4c;2024-03-19T08:45:00Z;3100;3101.5;3109.5;3097.5;40404;
eed9621b-6412-4f4b-a166-758882cc7a4c;2024-03-19T08:46:00Z;3102;3109.5;3117;3101.5;47385;
eed9621b-6412-4f4b-a166-758882cc7a4c;2024-03-19T08:47:00Z;3109.5;3114.5;3116.5;3107.5;28690;
eed9621b-6412-4f4b-a166-758882cc7a4c;2024-03-19T08:48:00Z;3114.5;3110;3117;3110;23020;
eed9621b-6412-4f4b-a166-758882cc7a4c;2024-03-19T08:49:00Z;3111.5;3106.5;3115;3105;47253;
eed9621b-6412-4f4b-a166-758882cc7a4c;2024-03-19T08:50:00Z;3106.5;3106;3110;3105;20067;
eed9621b-6412-4f4b-a166-758882cc7a4c;2024-03-19T08:51:00Z;3106.5;3105.5;3111;3105;39537;
eed9621b-6412-4f4b-a166-758882cc7a4c;2024-03-19T08:52:00Z;3105.5;3102.5;3107;3100;20907;
eed9621b-6412-4f4b-a166-758882cc7a4c;2024-03-19T08:53:00Z;3102;3102;3105;3100;26585;
eed9621b-6412-4f4b-a166-758882cc7a4c;2024-03-19T08:54:00Z;3100;3098;3101;3096;16077;
eed9621b-6412-4f4b-a166-758882cc7a4c;2024-03-19T08:55:00Z;3097.5;3100.5;3101;3095;11306;
eed9621b-6412-4f4b-a166-758882cc7a4c;2024-03-19T08:56:00Z;3100.5;3102;3103.5;3099;16882;
eed9621b-6412-4f4b-a166-758882cc7a4c;2024-03-19T08:57:00Z;3102.5;3104;3105;3101;7471;
eed9621b-6412-4f4b-a166-758882cc7a4c;2024-03-19T08:58:00Z;3103.5;3103;3105;3102;7418;
eed9621b-6412-4f4b-a166-758882cc7a4c;2024-03-19T08:59:00Z;3103;3104;3105;3102;7891;
eed9621b-6412-4f4b-a166-758882cc7a4c;2024-03-19T09:00:00Z;3103.5;3104.5;3108;3102.5;11862;
eed9621b-6412-4f4b-a166-758882cc7a4c;2024-03-19T09:01:00Z;3104;3105;3106;3098;33813;
eed9621b-6412-4f4b-a166-758882cc7a4c;2024-03-19T09:02:00Z;3102.5;3103.5;3105;3102;4354;
eed9621b-6412-4f4b-a166-758882cc7a4c;2024-03-19T09:03:00Z;3103;3102;3104.5;3101;4708;
eed9621b-6412-4f4b-a166-758882cc7a4c;2024-03-19T09:04:00Z;3102;3104;3105;3102;4929;
eed9621b-6412-4f4b-a166-758882cc7a4c;2024-03-19T09:05:00Z;3103.5;3104;3106;3102.5;11072;
eed9621b-6412-4f4b-a166-758882cc7a4c;2024-03-19T09:06:00Z;3103;3103.5;3105.5;3102;8416;
eed9621b-6412-4f4b-a166-758882cc7a4c;2024-03-19T09:07:00Z;3103.5;3109.5;3110;3102;48508;
eed9621b-6412-4f4b-a166-758882cc7a4c;2024-03-19T09:08:00Z;3109.5;3116;3116.5;3108;21099;
eed9621b-6412-4f4b-a166-758882cc7a4c;2024-03-19T09:09:00Z;3116;3112.5;3117.5;3110;14498;
eed9621b-6412-4f4b-a166-758882cc7a4c;2024-03-19T09:10:00Z;3112.5;3111;3113.5;3110;7282;
eed9621b-6412-4f4b-a166-758882cc7a4c;2024-03-19T09:11:00Z;3111;3113;3115;3111;9542;
eed9621b-6412-4f4b-a166-758882cc7a4c;2024-03-19T09:12:00Z;3113;3114.5;3114.5;3111;6094;
eed9621b-6412-4f4b-a166-758882cc7a4c;2024-03-19T09:13:00Z;3114.5;3112;3114.5;3111.5;4911;
eed9621b-6412-4f4b-a166-758882cc7a4c;2024-03-19T09:14:00Z;3112.5;3113;3114;3112;4016;
eed9621b-6412-4f4b-a166-758882cc7a4c;2024-03-19T09:15:00Z;3113;3111.5;3113.5;3111;5439;
eed9621b-6412-4f4b-a166-758882cc7a4c;2024-03-19T09:16:00Z;3111.5;3115.5;3115.5;3111;8206;
eed9621b-6412-4f4b-a166-758882cc7a4c;2024-03-19T09:17:00Z;3113.5;3112;3114;3110;12201;
eed9621b-6412-4f4b-a166-758882cc7a4c;2024-03-19T09:18:00Z;3112;3112.5;3114.5;3111;3380;
eed9621b-6412-4f4b-a166-758882cc7a4c;2024-03-19T09:19:00Z;3112;3115.5;3116;3112;16093;
eed9621b-6412-4f4b-a166-758882cc7a4c;2024-03-19T09:20:00Z;3115;3116.5;3119.5;3114;19039;
eed9621b-6412-4f4b-a166-758882cc7a4c;2024-03-19T09:21:00Z;3115.5;3116;3118.5;3113;9128;
eed9621b-6412-4f4b-a166-758882cc7a4c;2024-03-19T09:22:00Z;3116;3118.5;3120;3115;40390;
eed9621b-6412-4f4b-a166-758882cc7a4c;2024-03-19T09:23:00Z;3119;3120;3120;3117;11531;
eed9621b-6412-4f4b-a166-758882cc7a4c;2024-03-19T09:24:00Z;3120;3122.5;3123.5;3119.5;32325;
eed9621b-6412-4f4b-a166-758882cc7a4c;2024-03-19T09:25:00Z;3122.5;3128.5;3130;3122.5;28372;
eed9621b-6412-4f4b-a166-758882cc7a4c;2024-03-19T09:26:00Z;3128.5;3130.5;3132;3126;38799;
eed9621b-6412-4f4b-a166-758882cc7a4c;2024-03-19T09:27:00Z;3130.5;3133.5;3136;3130.5;24861;
eed9621b-6412-4f4b-a166-758882cc7a4c;2024-03-19T09:28:00Z;3134.5;3139;3139;3131.5;14969;
eed9621b-6412-4f4b-a166-758882cc7a4c;2024-03-19T09:29:00Z;3138;3141;3144;3135.5;23400;
eed9621b-6412-4f4b-a166-758882cc7a4c;2024-03-19T09:30:00Z;3141.5;3145;3147;3140;30050;
eed9621b-6412-4f4b-a166-758882cc7a4c;2024-03-19T09:31:00Z;3145;3144.5;3147.5;3143;18434;
eed9621b-6412-4f4b-a166-758882cc7a4c;2024-03-19T09:32:00Z;3144.5;3147.5;3149.5;3144;37024;
eed9621b-6412-4f4b-a166-758882cc7a4c;2024-03-19T09:33:00Z;3148;3146.5;3150;3146.5;50475;
eed9621b-6412-4f4b-a166-758882cc7a4c;2024-03-19T09:34:00Z;3147;3133.5;3147;3133;28992;
eed9621b-6412-4f4b-a166-758882cc7a4c;2024-03-19T09:35:00Z;3133;3139.5;3140;3132;13112;
eed9621b-6412-4f4b-a166-758882cc7a4c;2024-03-19T09:36:00Z;3139.5;3131;3140;3127;49473;
eed9621b-6412-4f4b-a166-758882cc7a4c;2024-03-19T09:37:00Z;3130;3122.5;3131.5;3120.5;16551;
eed9621b-6412-4f4b-a166-758882cc7a4c;2024-03-19T09:38:00Z;3122.5;3127;3128.5;3122.5;9596;
eed9621b-6412-4f4b-a166-758882cc7a4c;2024-03-19T09:39:00Z;3127;3135;3136;3126.5;24510;
eed9621b-6412-4f4b-a166-758882cc7a4c;2024-03-19T09:40:00Z;3135.5;3137;3140;3135;6083;
eed9621b-6412-4f4b-a166-758882cc7a4c;2024-03-19T09:41:00Z;3137;3134;3139.5;3130;13977;
eed9621b-6412-4f4b-a166-758882cc7a4c;2024-03-19T09:42:00Z;3133.5;3130;3138.5;3128.5;17783;
eed9621b-6412-4f4b-a166-758882cc7a4c;2024-03-19T09:43:00Z;3129;3133.5;3133.5;3128;5494;
eed9621b-6412-4f4b-a166-758882cc7a4c;2024-03-19T09:44:00Z;3133.5;3135.5;3136;3132.5;3660;
eed9621b-6412-4f4b-a166-758882cc7a4c;2024-03-19T09:45:00Z;3134.5;3139;3139;3134.5;3953;
eed9621b-6412-4f4b-a166-758882cc7a4c;2024-03-19T09:46:00Z;3138;3135;3139;3133;15721;
eed9621b-6412-4f4b-a166-758882cc7a4c;2024-03-19T09:47:00Z;3135.5;3135;3138;3129.5;13601;
eed9621b-6412-4f4b-a166-758882cc7a4c;2024-03-19T09:48:00Z;3135;3134.5;3135.5;3130.5;4321;
eed9621b-6412-4f4b-a166-758882cc7a4c;2024-03-19T09:49:00Z;3135;3146.5;3147;3133;20244;
eed9621b-6412-4f4b-a166-758882cc7a4c;2024-03-19T09:50:00Z;3146.5;3150;3150;3144.5;20647;
eed9621b-6412-4f4b-a166-758882cc7a4c;2024-03-19T09:51:00Z;3150;3150;3150;3146;16602;
eed9621b-6412-4f4b-a166-758882cc7a4c;2024-03-19T09:52:00Z;3149.5;3150;3150;3149.5;19424;
eed9621b-6412-4f4b-a166-758882cc7a4c;2024-03-19T09:53:00Z;3149.5;3151.5;3151.5;3146;47248;
eed9621b-6412-4f4b-a166-758882cc7a4c;2024-03-19T09:54:00Z;3151.5;3155.5;3155.5;3140;77521;
eed9621b-6412-4f4b-a166-758882cc7a4c;2024-03-19T09:55:00Z;3155.5;3155;3160;3151.5;38565;
eed9621b-6412-4f4b-a166-758882cc7a4c;2024-03-19T09:56:00Z;3156;3161;3164;3156;24810;
eed9621b-6412-4f4b-a166-758882cc7a4c;2024-03-19T09:57:00Z;3161;3178;3178;3160;42310;
eed9621b-6412-4f4b-a166-758882cc7a4c;2024-03-19T09:58:00Z;3178;3179.5;3180;3174.5;20064;
eed9621b-6412-4f4b-a166-758882cc7a4c;2024-03-19T09:59:00Z;3179;3183.5;3185.5;3178.5;24894;
eed9621b-6412-4f4b-a166-758882cc7a4c;2024-03-19T10:00:00Z;3183.5;3178;3186;3177;22756;
eed9621b-6412-4f4b-a166-758882cc7a4c;2024-03-19T10:01:00Z;3177;3171;3178.5;3166;20321;
eed9621b-6412-4f4b-a166-758882cc7a4c;2024-03-19T10:02:00Z;3171;3163;3171;3161.5;16173;
eed9621b-6412-4f4b-a166-758882cc7a4c;2024-03-19T10:03:00Z;3164.5;3167.5;3169;3163.5;11233;
eed9621b-6412-4f4b-a166-758882cc7a4c;2024-03-19T10:04:00Z;3168;3169;3170;3166;6858;
eed9621b-6412-4f4b-a166-758882cc7a4c;2024-03-19T10:05:00Z;3169;3168;3169;3166;9829;
eed9621b-6412-4f4b-a166-758882cc7a4c;2024-03-19T10:06:00Z;3168;3170;3170;3167.5;16753;
eed9621b-6412-4f4b-a166-758882cc7a4c;2024-03-19T10:07:00Z;3169.5;3159.5;3170;3158;18020;
eed9621b-6412-4f4b-a166-758882cc7a4c;2024-03-19T10:08:00Z;3159;3155;3160;3154;18546;
eed9621b-6412-4f4b-a166-758882cc7a4c;2024-03-19T10:09:00Z;3154.5;3155.5;3157;3148.5;31204;
eed9621b-6412-4f4b-a166-758882cc7a4c;2024-03-19T10:10:00Z;3155.5;3145;3159.5;3141;36227;
eed9621b-6412-4f4b-a166-758882cc7a4c;2024-03-19T10:11:00Z;3145;3148;3150;3144;8346;
eed9621b-6412-4f4b-a166-758882cc7a4c;2024-03-19T10:12:00Z;3148.5;3147.5;3149;3147;5728;
eed9621b-6412-4f4b-a166-758882cc7a4c;2024-03-19T10:13:00Z;3147;3144.5;3149;3144;11863;
eed9621b-6412-4f4b-a166-758882cc7a4c;2024-03-19T10:14:00Z;3144.5;3140.5;3147.5;3136;28526;
eed9621b-6412-4f4b-a166-758882cc7a4c;2024-03-19T10:15:00Z;3141;3148;3148.5;3139.5;7900;
eed9621b-6412-4f4b-a166-758882cc7a4c;2024-03-19T10:16:00Z;3148;3144.5;3149;3144.5;9592;
eed9621b-6412-4f4b-a166-758882cc7a4c;2024-03-19T10:17:00Z;3145;3147.5;3148;3143.5;6561;
eed9621b-6412-4f4b-a166-758882cc7a4c;2024-03-19T10:18:00Z;3147.5;3146.5;3148;3146;7910;
eed9621b-6412-4f4b-a166-758882cc7a4c;2024-03-19T10:19:00Z;3147;3148;3148;3146.5;5786;
eed9621b-6412-4f4b-a166-758882cc7a4c;2024-03-19T10:20:00Z;3148;3147.5;3148;3147;4542;
eed9621b-6412-4f4b-a166-758882cc7a4c;2024-03-19T10:21:00Z;3147;3147.5;3148;3146;4498;
eed9621b-6412-4f4b-a166-758882cc7a4c;2024-03-19T10:22:00Z;3147;3144;3147.5;3143;8188;
eed9621b-6412-4f4b-a166-758882cc7a4c;2024-03-19T10:23:00Z;3144.5;3145.5;3147;3143.5;3377;
eed9621b-6412-4f4b-a166-758882cc7a4c;2024-03-19T10:24:00Z;3147;3147.5;3148;3145;3154;
eed9621b-6412-4f4b-a166-758882cc7a4c;2024-03-19T10:25:00Z;3147;3147;3148;3146.5;6649;
eed9621b-6412-4f4b-a166-758882cc7a4c;2024-03-19T10:26:00Z;3147;3144;3147;3143.5;4947;
eed9621b-6412-4f4b-a166-758882cc7a4c;2024-03-19T10:27:00Z;3144;3145.5;3145.5;3142.5;4256;
eed9621b-6412-4f4b-a166-758882cc7a4c;2024-03-19T10:28:00Z;3145.5;3134;3145.5;3132.5;19230;
eed9621b-6412-4f4b-a166-758882cc7a4c;2024-03-19T10:29:00Z;3134;3132;3135;3125;39529;
eed9621b-6412-4f4b-a166-758882cc7a4c;2024-03-19T10:30:00Z;3133;3135.5;3137.5;3131.5;5684;
eed9621b-6412-4f4b-a166-758882cc7a4c;2024-03-19T10:31:00Z;3136;3135.5;3139.5;3135.5;7521;
eed9621b-6412-4f4b-a166-758882cc7a4c;2024-03-19T10:32:00Z;3138;3138;3139;3135;6713;
eed9621b-6412-4f4b-a166-758882cc7a4c;2024-03-19T10:33:00Z;3138;3137;3139.5;3135.5;4697;
eed9621b-6412-4f4b-a166-758882cc7a4c;2024-03-19T10:34:00Z;3137;3133.5;3139;3132;13978;
eed9621b-6412-4f4b-a166-758882cc7a4c;2024-03-19T10:35:00Z;3133;3132.5;3135;3131;6573;
eed9621b-6412-4f4b-a166-758882cc7a4c;2024-03-19T10:36:00Z;3132.5;3131.5;3133.5;3130;15224;
eed9621b-6412-4f4b-a166-758882cc7a4c;2024-03-19T10:37:00Z;3131.5;3134;3134.5;3131.5;4036;
eed9621b-6412-4f4b-a166-758882cc7a4c;2024-03-19T10:38:00Z;3134.5;3134;3135;3132.5;4908;
eed9621b-6412-4f4b-a166-758882cc7a4c;2024-03-19T10:39:00Z;3134;3135;3135;3132.5;2967;
eed9621b-6412-4f4b-a166-758882cc7a4c;2024-03-19T10:40:00Z;3134.5;3133.5;3135;3132;7001;
eed9621b-6412-4f4b-a166-758882cc7a4c;2024-03-19T10:41:00Z;3133.5;3134.5;3135;3132;5491;
eed9621b-6412-4f4b-a166-758882cc7a4c;2024-03-19T10:42:00Z;3134.5;3143;3146;3133;10703;
eed9621b-6412-4f4b-a166-758882cc7a4c;2024-03-19T10:43:00Z;3143.5;3144;3147.5;3143;10659;
eed9621b-6412-4f4b-a166-758882cc7a4c;2024-03-19T10:44:00Z;3145;3147.5;3148.5;3144;5048;
eed9621b-6412-4f4b-a166-758882cc7a4c;2024-03-19T10:45:00Z;3147.5;3147.5;3149;3146.5;10083;
eed9621b-6412-4f4b-a166-758882cc7a4c;2024-03-19T10:46:00Z;3147;3147.5;3147.5;3144;5039;
eed9621b-6412-4f4b-a166-758882cc7a4c;2024-03-19T10:47:00Z;3147.5;3146;3149;3144.5;11563;
eed9621b-6412-4f4b-a166-758882cc7a4c;2024-03-19T10:48:00Z;3146;3146;3148.5;3145;4512;
eed9621b-6412-4f4b-a166-758882cc7a4c;2024-03-19T10:49:00Z;3146;3147;3147.5;3145.5;2202;
eed9621b-6412-4f4b-a166-758882cc7a4c;2024-03-19T10:50:00Z;3146;3148.5;3149;3146;18997;
eed9621b-6412-4f4b-a166-758882cc7a4c;2024-03-19T10:51:00Z;3149;3146.5;3149;3143;12074;
eed9621b-6412-4f4b-a166-758882cc7a4c;2024-03-19T10:52:00Z;3146;3147.5;3149;3145.5;4465;
eed9621b-6412-4f4b-a166-758882cc7a4c;2024-03-19T10:53:00Z;3146;3147.5;3148.5;3145;3343;
eed9621b-6412-4f4b-a166-758882cc7a4c;2024-03-19T10:54:00Z;3147;3147.5;3149;3146;7121;
eed9621b-6412-4f4b-a166-758882cc7a4c;2024-03-19T10:55:00Z;3148;3149;3149;3145;6107;
eed9621b-6412-4f4b-a166-758882cc7a4c;2024-03-19T10:56:00Z;3148.5;3148.5;3149;3147;3117;
eed9621b-6412-4f4b-a166-758882cc7a4c;2024-03-19T10:57:00Z;3148.5;3148.5;3149;3147.5;3809;
eed9621b-6412-4f4b-a166-758882cc7a4c;2024-03-19T10:58:00Z;3148.5;3145;3149;3145;14273;
eed9621b-6412-4f4b-a166-758882cc7a4c;2024-03-19T10:59:00Z;3145.5;3146.5;3147.5;3145;2402;
eed9621b-6412-4f4b-a166-758882cc7a4c;2024-03-19T11:00:00Z;3147;3145.5;3147.5;3145;2772;
eed9621b-6412-4f4b-a166-758882cc7a4c;2024-03-19T11:01:00Z;3145.5;3148;3148;3145;13243;
eed9621b-6412-4f4b-a166-758882cc7a4c;2024-03-19T11:02:00Z;3148;3138.5;3149;3138;27218;
eed9621b-6412-4f4b-a166-758882cc7a4c;2024-03-19T11:03:00Z;3138.5;3144.5;3146;3137.5;8312;
eed9621b-6412-4f4b-a166-758882cc7a4c;2024-03-19T11:04:00Z;3144;3144.5;3145.5;3143;1686;
eed9621b-6412-4f4b-a166-758882cc7a4c;2024-03-19T11:05:00Z;3145;3141;3145.5;3140;4487;
eed9621b-6412-4f4b-a166-758882cc7a4c;2024-03-19T11:06:00Z;3141.5;3146;3149;3139.5;14317;
eed9621b-6412-4f4b-a166-758882cc7a4c;2024-03-19T11:07:00Z;3144.5;3145.5;3146;3144.5;2604;
eed9621b-6412-4f4b-a166-758882cc7a4c;2024-03-19T11:08:00Z;3145.5;3141;3146;3141;5580;
eed9621b-6412-4f4b-a166-758882cc7a4c;2024-03-19T11:09:00Z;3141;3140;3142;3138.5;5512;
eed9621b-6412-4f4b-a166-758882cc7a4c;2024-03-19T11:10:00Z;3139.5;3141;3143;3139;2215;
eed9621b-6412-4f4b-a166-758882cc7a4c;2024-03-19T11:11:00Z;3141.5;3142;3144;3141;2593;
eed9621b-6412-4f4b-a166-758882cc7a4c;2024-03-19T11:12:00Z;3142.5;3142.5;3144;3141.5;2493;
eed9621b-6412-4f4b-a166-758882cc7a4c;2024-03-19T11:13:00Z;3143;3143;3144;3142;2686;
eed9621b-6412-4f4b-a166-758882cc7a4c;2024-03-19T11:14:00Z;3143;3147;3148;3143;14850;
eed9621b-6412-4f4b-a166-758882cc7a4c;2024-03-19T11:15:00Z;3147;3158.5;3158.5;3145.5;30755;
eed9621b-6412-4f4b-a166-758882cc7a4c;2024-03-19T11:16:00Z;3158;3166;3167.5;3157;21746;
eed9621b-6412-4f4b-a166-758882cc7a4c;2024-03-19T11:17:00Z;3165.5;3161;3166.5;3161;10866;
eed9621b-6412-4f4b-a166-758882cc7a4c;2024-03-19T11:18:00Z;3161;3160.5;3164;3159;9854;
eed9621b-6412-4f4b-a166-758882cc7a4c;2024-03-19T11:19:00Z;3160.5;3161;3162.5;3160;9368;
eed9621b-6412-4f4b-a166-758882cc7a4c;2024-03-19T11:20:00Z;3161;3158;3163;3157;8899;
eed9621b-6412-4f4b-a166-758882cc7a4c;2024-03-19T11:21:00Z;3158;3159;3160;3157;5358;
eed9621b-6412-4f4b-a166-758882cc7a4c;2024-03-19T11:22:00Z;3159;3162;3166;3157;16293;
eed9621b-6412-4f4b-a166-758882cc7a4c;2024-03-19T11:23:00Z;3162;3160;3164;3158.5;6910;
eed9621b-6412-4f4b-a166-758882cc7a4c;2024-03-19T11:24:00Z;3159;3159.5;3162;3158.5;5169;
eed9621b-6412-4f4b-a166-758882cc7a4c;2024-03-19T11:25:00Z;3159.5;3160;3162;3157;5502;
eed9621b-6412-4f4b-a166-758882cc7a4c;2024-03-19T11:26:00Z;3159.5;3159.5;3163.5;3158.5;6880;
eed9621b-6412-4f4b-a166-758882cc7a4c;2024-03-19T11:27:00Z;3160;3159;3164.5;3157;12132;
eed9621b-6412-4f4b-a166-758882cc7a4c;2024-03-19T11:28:00Z;3158;3158;3162.5;3157.5;9150;
eed9621b-6412-4f4b-a166-758882cc7a4c;2024-03-19T11:29:00Z;3158;3153.5;3162;3150;54785;
eed9621b-6412-4f4b-a166-758882cc7a4c;2024-03-19T11:30:00Z;3152;3157.5;3164;3152;60073;
eed9621b-6412-4f4b-a166-758882cc7a4c;2024-03-19T11:31:00Z;3158;3152.5;3160;3147.5;42515;
eed9621b-6412-4f4b-a166-758882cc7a4c;2024-03-19T11:32:00Z;3152.5;3150;3153.5;3150;5692;
eed9621b-6412-4f4b-a166-758882cc7a4c;2024-03-19T11:33:00Z;3150.5;3158.5;3159;3150;11267;
eed9621b-6412-4f4b-a166-758882cc7a4c;2024-03-19T11:34:00Z;3158;3157.5;3160;3157;30521;
eed9621b-6412-4f4b-a166-758882cc7a4c;2024-03-19T11:35:00Z;3158;3150.5;3158;3150.5;16016;
eed9621b-6412-4f4b-a166-758882cc7a4c;2024-03-19T11:36:00Z;3150.5;3147;3153.5;3145.5;12812;
eed9621b-6412-4f4b-a166-758882cc7a4c;2024-03-19T11:37:00Z;3147;3147;3151.5;3145;11041;
eed9621b-6412-4f4b-a166-758882cc7a4c;2024-03-19T11:38:00Z;3145.5;3140;3147;3140;21547;
eed9621b-6412-4f4b-a166-758882cc7a4c;2024-03-19T11:39:00Z;3140;3140.5;3144.5;3140;19366;
eed9621b-6412-4f4b-a166-758882cc7a4c;2024-03-19T11:40:00Z;3141;3140.5;3143;3140;6743;
eed9621b-6412-4f4b-a166-758882cc7a4c;2024-03-19T11:41:00Z;3141;3133.5;3141.5;3133;17696;
eed9621b-6412-4f4b-a166-758882cc7a4c;2024-03-19T11:42:00Z;3133.5;3135;3138.5;3131.5;11944;
eed9621b-6412-4f4b-a166-758882cc7a4c;2024-03-19T11:43:00Z;3135;3134.5;3138;3132.5;8753;
eed9621b-6412-4f4b-a166-758882cc7a4c;2024-03-19T11:44:00Z;3134.5;3130.5;3136;3130.5;8271;
eed9621b-6412-4f4b-a166-758882cc7a4c;2024-03-19T11:45:00Z;3131;3126.5;3135;3126.5;26390;
eed9621b-6412-4f4b-a166-758882cc7a4c;2024-03-19T11:46:00Z;3127.5;3132.5;3132.5;3126;17005;
eed9621b-6412-4f4b-a166-758882cc7a4c;2024-03-19T11:47:00Z;3132.5;3134.5;3135;3131.5;11308;
eed9621b-6412-4f4b-a166-758882cc7a4c;2024-03-19T11:48:00Z;3134;3132.5;3134.5;3131;9995;
eed9621b-6412-4f4b-a166-758882cc7a4c;2024-03-19T11:49:00Z;3131.5;3131;3132.5;3131;7040;
eed9621b-6412-4f4b-a166-758882cc7a4c;2024-03-19T11:50:00Z;3131.5;3132;3133;3131;8566;
eed9621b-6412-4f4b-a166-758882cc7a4c;2024-03-19T11:51:00Z;3132;3133;3135;3130.5;21908;
eed9621b-6412-4f4b-a166-758882cc7a4c;2024-03-19T11:52:00Z;3133;3132;3140;3126;39952;
eed9621b-6412-4f4b-a166-758882cc7a4c;2024-03-19T11:53:00Z;3133;3137;3142;3127;42044;
eed9621b-6412-4f4b-a166-758882cc7a4c;2024-03-19T11:54:00Z;3136;3142;3145;3135.5;23463;
eed9621b-6412-4f4b-a166-758882cc7a4c;2024-03-19T11:55:00Z;3142;3142;3147;3138.5;11791;
eed9621b-6412-4f4b-a166-758882cc7a4c;2024-03-19T11:56:00Z;3141;3140.5;3149.5;3140;14969;
eed9621b-6412-4f4b-a166-758882cc7a4c;2024-03-19T11:57:00Z;3141;3150;3154.5;3140;34376;
eed9621b-6412-4f4b-a166-758882cc7a4c;2024-03-19T11:58:00Z;3150.5;3155.5;3164;3146.5;135548;
eed9621b-6412-4f4b-a166-758882cc7a4c;2024-03-19T11:59:00Z;3155;3168;3169.5;3155;77393;
eed9621b-6412-4f4b-a166-758882cc7a4c;2024-03-19T12:00:00Z;3166.5;3155;3169;3155;29351;
eed9621b-6412-4f4b-a166-758882cc7a4c;2024-03-19T12:01:00Z;3157.5;3158.5;3160;3155;22891;
eed9621b-6412-4f4b-a166-758882cc7a4c;2024-03-19T12:02:00Z;3157.5;3158;3159;3155;9155;
eed9621b-6412-4f4b-a166-758882cc7a4c;2024-03-19T12:03:00Z;3158;3152;3158;3151;22247;
eed9621b-6412-4f4b-a166-758882cc7a4c;2024-03-19T12:04:00Z;3152.5;3156.5;3158;3152;4700;
eed9621b-6412-4f4b-a166-758882cc7a4c;2024-03-19T12:05:00Z;3156;3149;3157.5;3140;16492;
eed9621b-6412-4f4b-a166-758882cc7a4c;2024-03-19T12:06:00Z;3148;3146;3150;3135;22840;
eed9621b-6412-4f4b-a166-758882cc7a4c;2024-03-19T12:07:00Z;3146.5;3151.5;3152;3140;10190;
eed9621b-6412-4f4b-a166-758882cc7a4c;2024-03-19T12:08:00Z;3150.5;3151;3152.5;3150;21112;
eed9621b-6412-4f4b-a166-758882cc7a4c;2024-03-19T12:09:00Z;3151;3151;3152;3150;11820;
eed9621b-6412-4f4b-a166-758882cc7a4c;2024-03-19T12:10:00Z;3151;3152;3155;3140;53480;
eed9621b-6412-4f4b-a166-758882cc7a4c;2024-03-19T12:11:00Z;3152;3165;3165.5;3151;36065;
eed9621b-6412-4f4b-a166-758882cc7a4c;2024-03-19T12:12:00Z;3165;3158;3173;3152.5;112173;
eed9621b-6412-4f4b-a166-758882cc7a4c;2024-03-19T12:13:00Z;3158.5;3169;3170;3153.5;16856;
eed9621b-6412-4f4b-a166-758882cc7a4c;2024-03-19T12:14:00Z;3167;3165;3169;3163.5;15024;
eed9621b-6412-4f4b-a166-758882cc7a4c;2024-03-19T12:15:00Z;3164.5;3165.5;3166;3161;3710;
eed9621b-6412-4f4b-a166-758882cc7a4c;2024-03-19T12:16:00Z;3165.5;3160;3168.5;3153.5;13011;
eed9621b-6412-4f4b-a166-758882cc7a4c;2024-03-19T12:17:00Z;3160.5;3162.5;3167;3160.5;4562;
eed9621b-6412-4f4b-a166-758882cc7a4c;2024-03-19T12:18:00Z;3163;3157.5;3163;3153.5;8277;
eed9621b-6412-4f4b-a166-758882cc7a4c;2024-03-19T12:19:00Z;3157.5;3159.5;3160;3156.5;2962;
eed9621b-6412-4f4b-a166-758882cc7a4c;2024-03-19T12:20:00Z;3159.5;3162;3162;3158.5;2639;
eed9621b-6412-4f4b-a166-758882cc7a4c;2024-03-19T12:21:00Z;3162;3166;3166;3162;16214;
eed9621b-6412-4f4b-a166-758882cc7a4c;2024-03-19T12:22:00Z;3165.5;3166.5;3167.5;3161;5834;
eed9621b-6412-4f4b-a166-758882cc7a4c;2024-03-19T12:23:00Z;3167;3167;3167.5;3166;2041;
eed9621b-6412-4f4b-a166-758882cc7a4c;2024-03-19T12:24:00Z;3167;3162.5;3167.5;3160.5;4744;
eed9621b-6412-4f4b-a166-758882cc7a4c;2024-03-19T12:25:00Z;3162.5;3164.5;3165;3162.5;1172;
eed9621b-6412-4f4b-a166-758882cc7a4c;2024-03-19T12:26:00Z;3164;3164.5;3165;3162.5;3797;
eed9621b-6412-4f4b-a166-758882cc7a4c;2024-03-19T12:27:00Z;3164;3165;3165;3162.5;2020;
eed9621b-6412-4f4b-a166-758882cc7a4c;2024-03-19T12:28:00Z;3164.5;3158.5;3165;3155;7628;
eed9621b-6412-4f4b-a166-758882cc7a4c;2024-03-19T12:29:00Z;3158;3157.5;3159.5;3156;2373;
eed9621b-6412-4f4b-a166-758882cc7a4c;2024-03-19T12:30:00Z;3159;3156.5;3161;3153.5;10975;
eed9621b-6412-4f4b-a166-758882cc7a4c;2024-03-19T12:31:00Z;3156.5;3159.5;3160;3155;7739;
eed9621b-6412-4f4b-a166-758882cc7a4c;2024-03-19T12:32:00Z;3158.5;3161;3161;3158;1856;
eed9621b-6412-4f4b-a166-758882cc7a4c;2024-03-19T12:33:00Z;3161;3168;3168.5;3160;12082;
eed9621b-6412-4f4b-a166-758882cc7a4c;2024-03-19T12:34:00Z;3168;3163;3168.5;3160;6135;
eed9621b-6412-4f4b-a166-758882cc7a4c;2024-03-19T12:35:00Z;3163.5;3159.5;3165;3159;6257;
eed9621b-6412-4f4b-a166-758882cc7a4c;2024-03-19T12:36:00Z;3159;3164.5;3165;3159;17857;
eed9621b-6412-4f4b-a166-758882cc7a4c;2024-03-19T12:37:00Z;3165;3165;3167.5;3163.5;4056;
eed9621b-6412-4f4b-a166-758882cc7a4c;2024-03-19T12:38:00Z;3164.5;3165;3168;3164.5;2338;
eed9621b-6412-4f4b-a166-758882cc7a4c;2024-03-19T12:39:00Z;3165;3167.5;3168;3164.5;2652;
eed9621b-6412-4f4b-a166-758882cc7a4c;2024-03-19T12:40:00Z;3167;3168;3168.5;3166.5;5464;
eed9621b-6412-4f4b-a166-758882cc7a4c;2024-03-19T12:41:00Z;3168.5;3173.5;3177;3168;16985;
eed9621b-6412-4f4b-a166-758882cc7a4c;2024-03-19T12:42:00Z;3172.5;3177;3177;3168;11424;
eed9621b-6412-4f4b-a166-758882cc7a4c;2024-03-19T12:43:00Z;3177;3172.5;3177.5;3170;17907;
eed9621b-6412-4f4b-a166-758882cc7a4c;2024-03-19T12:44:00Z;3173.5;3170;3173.5;3164.5;11903;
eed9621b-6412-4f4b-a166-758882cc7a4c;2024-03-19T12:45:00Z;3170;3169;3173;3167.5;4446;
eed9621b-6412-4f4b-a166-758882cc7a4c;2024-03-19T12:46:00Z;3169;3171;3171;3166;12239;
eed9621b-6412-4f4b-a166-758882cc7a4c;2024-03-19T12:47:00Z;3171;3173;3174;3170;3845;
eed9621b-6412-4f4b-a166-758882cc7a4c;2024-03-19T12:48:00Z;3174;3173.5;3175;3171.5;7486;
eed9621b-6412-4f4b-a166-758882cc7a4c;2024-03-19T12:49:00Z;3173;3171;3174.5;3170;12266;
eed9621b-6412-4f4b-a166-758882cc7a4c;2024-03-19T12:50:00Z;3172;3173;3173;3170;3944;
eed9621b-6412-4f4b-a166-758882cc7a4c;2024-03-19T12:51:00Z;3172.5;3174;3174;3171;2799;
eed9621b-6412-4f4b-a166-758882cc7a4c;2024-03-19T12:52:00Z;3174;3174;3175;3173;1913;
eed9621b-6412-4f4b-a166-758882cc7a4c;2024-03-19T12:53:00Z;3174;3172;3175;3170.5;7073;
eed9621b-6412-4f4b-a166-758882cc7a4c;2024-03-19T12:54:00Z;3172;3171.5;3175;3170;6861;
eed9621b-6412-4f4b-a166-758882cc7a4c;2024-03-19T12:55:00Z;3172.5;3174;3174;3171.5;3838;
eed9621b-6412-4f4b-a166-758882cc7a4c;2024-03-19T12:56:00Z;3174;3172.5;3175;3170;10392;
eed9621b-6412-4f4b-a166-758882cc7a4c;2024-03-19T12:57:00Z;3172.5;3176.5;3176.5;3170;5673;
eed9621b-6412-4f4b-a166-758882cc7a4c;2024-03-19T12:58:00Z;3176.5;3177.5;3177.5;3175;5070;
eed9621b-6412-4f4b-a166-758882cc7a4c;2024-03-19T12:59:00Z;3177;3178;3178;3175;3544;
eed9621b-6412-4f4b-a166-758882cc7a4c;2024-03-19T13:00:00Z;3178;3179.5;3180;3177.5;29450;
eed9621b-6412-4f4b-a166-758882cc7a4c;2024-03-19T13:01:00Z;3179;3182.5;3184.5;3178.5;12872;
eed9621b-6412-4f4b-a166-758882cc7a4c;2024-03-19T13:02:00Z;3184;3182;3185;3180;12063;
eed9621b-6412-4f4b-a166-758882cc7a4c;2024-03-19T13:03:00Z;3182;3183;3185;3178.5;10459;
eed9621b-6412-4f4b-a166-758882cc7a4c;2024-03-19T13:04:00Z;3183.5;3185.5;3188;3182;11676;
eed9621b-6412-4f4b-a166-758882cc7a4c;2024-03-19T13:05:00Z;3185.5;3188;3190;3185;51597;
eed9621b-6412-4f4b-a166-758882cc7a4c;2024-03-19T13:06:00Z;3188;3189;3190;3185;13106;
eed9621b-6412-4f4b-a166-758882cc7a4c;2024-03-19T13:07:00Z;3189;3188;3190;3187.5;6565;
eed9621b-6412-4f4b-a166-758882cc7a4c;2024-03-19T13:08:00Z;3188;3188;3189;3185;6834;
eed9621b-6412-4f4b-a166-758882cc7a4c;2024-03-19T13:09:00Z;3187.5;3185;3188.5;3184.5;6043;
eed9621b-6412-4f4b-a166-758882cc7a4c;2024-03-19T13:10:00Z;3185;3189.5;3190;3184.5;13604;
eed9621b-6412-4f4b-a166-758882cc7a4c;2024-03-19T13:11:00Z;3189.5;3189.5;3190;3187.5;13578;
eed9621b-6412-4f4b-a166-758882cc7a4c;2024-03-19T13:12:00Z;3190;3189;3190;3188;3427;
eed9621b-6412-4f4b-a166-758882cc7a4c;2024-03-19T13:13:00Z;3189;3194.5;3194.5;3185.5;35512;
eed9621b-6412-4f4b-a166-758882cc7a4c;2024-03-19T13:14:00Z;3194;3194.5;3195;3191.5;17136;
eed9621b-6412-4f4b-a166-758882cc7a4c;2024-03-19T13:15:00Z;3194;3193;3194.5;3191;7924;
eed9621b-6412-4f4b-a166-758882cc7a4c;2024-03-19T13:16:00Z;3193;3185;3193;3181.5;23163;
eed9621b-6412-4f4b-a166-758882cc7a4c;2024-03-19T13:17:00Z;3185;3180.5;3185;3178;11879;
eed9621b-6412-4f4b-a166-758882cc7a4c;2024-03-19T13:18:00Z;3179;3182.5;3183;3178.5;4148;
eed9621b-6412-4f4b-a166-758882cc7a4c;2024-03-19T13:19:00Z;3181;3182;3185;3179;14114;
eed9621b-6412-4f4b-a166-758882cc7a4c;2024-03-19T13:20:00Z;3182.5;3184.5;3184.5;3182;3387;
eed9621b-6412-4f4b-a166-758882cc7a4c;2024-03-19T13:21:00Z;3184.5;3178.5;3185;3177;16373;
eed9621b-6412-4f4b-a166-758882cc7a4c;2024-03-19T13:22:00Z;3178.5;3176;3179;3173;7253;
eed9621b-6412-4f4b-a166-758882cc7a4c;2024-03-19T13:23:00Z;3177;3178;3179;3176.5;1959;
eed9621b-6412-4f4b-a166-758882cc7a4c;2024-03-19T13:24:00Z;3178;3181.5;3183;3177;3311;
eed9621b-6412-4f4b-a166-758882cc7a4c;2024-03-19T13:25:00Z;3181.5;3174;3183;3174;9733;
eed9621b-6412-4f4b-a166-758882cc7a4c;2024-03-19T13:26:00Z;3174;3174.5;3174.5;3173;3986;
eed9621b-6412-4f4b-a166-758882cc7a4c;2024-03-19T13:27:00Z;3174;3171.5;3174.5;3171;17236;
eed9621b-6412-4f4b-a166-758882cc7a4c;2024-03-19T13:28:00Z;3172;3171.5;3172;3171;9542;
eed9621b-6412-4f4b-a166-758882cc7a4c;2024-03-19T13:29:00Z;3172;3181.5;3183;3171.5;10844;
eed9621b-6412-4f4b-a166-758882cc7a4c;2024-03-19T13:30:00Z;3181;3184.5;3184.5;3180;5274;
eed9621b-6412-4f4b-a166-758882cc7a4c;2024-03-19T13:31:00Z;3184.5;3187.5;3188;3180;33549;
eed9621b-6412-4f4b-a166-758882cc7a4c;2024-03-19T13:32:00Z;3187.5;3183.5;3189.5;3180;15060;
eed9621b-6412-4f4b-a166-758882cc7a4c;2024-03-19T13:33:00Z;3183.5;3184;3185.5;3183.5;5853;
eed9621b-6412-4f4b-a166-758882cc7a4c;2024-03-19T13:34:00Z;3184.5;3187.5;3190;3184;3781;
eed9621b-6412-4f4b-a166-758882cc7a4c;2024-03-19T13:35:00Z;3189;3190;3191;3185;10731;
eed9621b-6412-4f4b-a166-758882cc7a4c;2024-03-19T13:36:00Z;3190.5;3192;3192;3190;8379;
eed9621b-6412-4f4b-a166-758882cc7a4c;2024-03-19T13:37:00Z;3191.5;3196.5;3200;3191;58881;
eed9621b-6412-4f4b-a166-758882cc7a4c;2024-03-19T13:38:00Z;3197.5;3198.5;3200;3196;108494;
eed9621b-6412-4f4b-a166-758882cc7a4c;2024-03-19T13:39:00Z;3198.5;3200;3200;3192;22938;
eed9621b-6412-4f4b-a166-758882cc7a4c;2024-03-19T13:40:00Z;3200;3207.5;3208.5;3198;94360;
eed9621b-6412-4f4b-a166-758882cc7a4c;2024-03-19T13:41:00Z;3205.5;3210;3212;3203;21620;
eed9621b-6412-4f4b-a166-758882cc7a4c;2024-03-19T13:42:00Z;3210;3202;3215;3198;38596;
eed9621b-6412-4f4b-a166-758882cc7a4c;2024-03-19T13:43:00Z;3202;3209.5;3209.5;3198;30854;
eed9621b-6412-4f4b-a166-758882cc7a4c;2024-03-19T13:44:00Z;3209;3213.5;3218;3205.5;21791;
eed9621b-6412-4f4b-a166-758882cc7a4c;2024-03-19T13:45:00Z;3214.5;3223;3224;3212;35825;
eed9621b-6412-4f4b-a166-758882cc7a4c;2024-03-19T13:46:00Z;3223.5;3216;3224.5;3214.5;14669;
eed9621b-6412-4f4b-a166-758882cc7a4c;2024-03-19T13:47:00Z;3215.5;3217;3219;3210;14297;
eed9621b-6412-4f4b-a166-758882cc7a4c;2024-03-19T13:48:00Z;3217;3228;3228;3210.5;25671;
eed9621b-6412-4f4b-a166-758882cc7a4c;2024-03-19T13:49:00Z;3228;3228.5;3230;3224.5;17349;
eed9621b-6412-4f4b-a166-758882cc7a4c;2024-03-19T13:50:00Z;3228;3229;3234;3223;29723;
eed9621b-6412-4f4b-a166-758882cc7a4c;2024-03-19T13:51:00Z;3229.5;3240;3240;3229;20867;
eed9621b-6412-4f4b-a166-758882cc7a4c;2024-03-19T13:52:00Z;3240;3248.5;3250;3237.5;56879;
eed9621b-6412-4f4b-a166-758882cc7a4c;2024-03-19T13:53:00Z;3248.5;3249.5;3250;3245.5;24716;
eed9621b-6412-4f4b-a166-758882cc7a4c;2024-03-19T13:54:00Z;3250;3242;3254;3240.5;59986;
eed9621b-6412-4f4b-a166-758882cc7a4c;2024-03-19T13:55:00Z;3242;3245.5;3246;3238;23189;
eed9621b-6412-4f4b-a166-758882cc7a4c;2024-03-19T13:56:00Z;3246;3253.5;3255;3241;51248;
eed9621b-6412-4f4b-a166-758882cc7a4c;2024-03-19T13:57:00Z;3253;3256;3257.5;3250.5;25669;
eed9621b-6412-4f4b-a166-758882cc7a4c;2024-03-19T13:58:00Z;3255;3254.5;3257;3248;64592;
eed9621b-6412-4f4b-a166-758882cc7a4c;2024-03-19T13:59:00Z;3253;3254;3255;3246;36752;
eed9621b-6412-4f4b-a166-758882cc7a4c;2024-03-19T14:00:00Z;3252;3266;3266;3252;33236;
eed9621b-6412-4f4b-a166-758882cc7a4c;2024-03-19T14:01:00Z;3264.5;3274;3275;3263.5;34098;
eed9621b-6412-4f4b-a166-758882cc7a4c;2024-03-19T14:02:00Z;3273.5;3277;3280;3271;75816;
eed9621b-6412-4f4b-a166-758882cc7a4c;2024-03-19T14:03:00Z;3274.5;3264.5;3274.5;3257.5;36451;
eed9621b-6412-4f4b-a166-758882cc7a4c;2024-03-19T14:04:00Z;3263;3261;3266.5;3253;37117;
eed9621b-6412-4f4b-a166-758882cc7a4c;2024-03-19T14:05:00Z;3261;3265.5;3266.5;3259;23381;
eed9621b-6412-4f4b-a166-758882cc7a4c;2024-03-19T14:06:00Z;3265.5;3261.5;3270;3260;20839;
eed9621b-6412-4f4b-a166-758882cc7a4c;2024-03-19T14:07:00Z;3261;3267;3267;3260;13271;
eed9621b-6412-4f4b-a166-758882cc7a4c;2024-03-19T14:08:00Z;3264.5;3264.5;3269.5;3263.5;19912;
eed9621b-6412-4f4b-a166-758882cc7a4c;2024-03-19T14:09:00Z;3265;3268.5;3276;3261.5;52915;
eed9621b-6412-4f4b-a166-758882cc7a4c;2024-03-19T14:10:00Z;3268;3281;3282.5;3266;35934;
eed9621b-6412-4f4b-a166-758882cc7a4c;2024-03-19T14:11:00Z;3281.5;3284.5;3285.5;3280.5;21967;
eed9621b-6412-4f4b-a166-758882cc7a4c;2024-03-19T14:12:00Z;3284;3271;3286;3266;33052;
eed9621b-6412-4f4b-a166-758882cc7a4c;2024-03-19T14:13:00Z;3271;3271;3272.5;3265;16198;
eed9621b-6412-4f4b-a166-758882cc7a4c;2024-03-19T14:14:00Z;3268.5;3270;3270;3260;20731;
eed9621b-6412-4f4b-a166-758882cc7a4c;2024-03-19T14:15:00Z;3269;3261;3270;3260;28550;
eed9621b-6412-4f4b-a166-758882cc7a4c;2024-03-19T14:16:00Z;3261;3268;3269;3256;35931;
eed9621b-6412-4f4b-a166-758882cc7a4c;2024-03-19T14:17:00Z;3267.5;3262.5;3269;3262.5;23740;
eed9621b-6412-4f4b-a166-758882cc7a4c;2024-03-19T14:18:00Z;3264.5;3264;3266.5;3262.5;9094;
eed9621b-6412-4f4b-a166-758882cc7a4c;2024-03-19T14:19:00Z;3264;3266;3269;3263;31547;
eed9621b-6412-4f4b-a166-758882cc7a4c;2024-03-19T14:20:00Z;3265;3258;3266;3256;37318;
eed9621b-6412-4f4b-a166-758882cc7a4c;2024-03-19T14:21:00Z;3256.5;3252.5;3259;3241;48961;
eed9621b-6412-4f4b-a166-758882cc7a4c;2024-03-19T14:22:00Z;3252.5;3253;3259;3246;29079;
eed9621b-6412-4f4b-a166-758882cc7a4c;2024-03-19T14:23:00Z;3253;3242.5;3255;3242.5;16985;
eed9621b-6412-4f4b-a166-758882cc7a4c;2024-03-19T14:24:00Z;3242.5;3250;3252;3242.5;13242;
eed9621b-6412-4f4b-a166-758882cc7a4c;2024-03-19T14:25:00Z;3250;3254.5;3255;3245.5;24395;
eed9621b-6412-4f4b-a166-758882cc7a4c;2024-03-19T14:26:00Z;3253.5;3256;3257;3252;22376;
eed9621b-6412-4f4b-a166-758882cc7a4c;2024-03-19T14:27:00Z;3256;3257;3258;3255;16713;
eed9621b-6412-4f4b-a166-758882cc7a4c;2024-03-19T14:28:00Z;3256;3251;3258.5;3250;29983;
eed9621b-6412-4f4b-a166-758882cc7a4c;2024-03-19T14:29:00Z;3250.5;3265;3267;3248;33640;
eed9621b-6412-4f4b-a166-758882cc7a4c;2024-03-19T14:30:00Z;3265;3263;3270;3255;128168;
eed9621b-6412-4f4b-a166-758882cc7a4c;2024-03-19T14:31:00Z;3263;3264.5;3266;3260;13052;
eed9621b-6412-4f4b-a166-758882cc7a4c;2024-03-19T14:32:00Z;3264.5;3258;3268;3258;60934;
eed9621b-6412-4f4b-a166-758882cc7a4c;2024-03-19T14:33:00Z;3258.5;3253.5;3264;3251;18259;
eed9621b-6412-4f4b-a166-758882cc7a4c;2024-03-19T14:34:00Z;3253;3247;3257;3244.5;28276;
eed9621b-6412-4f4b-a166-758882cc7a4c;2024-03-19T14:35:00Z;3247.5;3239.5;3249.5;3238;21936;
eed9621b-6412-4f4b-a166-758882cc7a4c;2024-03-19T14:36:00Z;3239.5;3223.5;3241;3223;35211;
eed9621b-6412-4f4b-a166-758882cc7a4c;2024-03-19T14:37:00Z;3226;3238;3239;3222.5;23166;
eed9621b-6412-4f4b-a166-758882cc7a4c;2024-03-19T14:38:00Z;3238;3243;3244.5;3236;14529;
eed9621b-6412-4f4b-a166-758882cc7a4c;2024-03-19T14:39:00Z;3242;3242;3245;3240;16368;
eed9621b-6412-4f4b-a166-758882cc7a4c;2024-03-19T14:40:00Z;3240.5;3231.5;3245;3230;18177;
eed9621b-6412-4f4b-a166-758882cc7a4c;2024-03-19T14:41:00Z;3232;3230.5;3239;3230;19944;
eed9621b-6412-4f4b-a166-758882cc7a4c;2024-03-19T14:42:00Z;3230.5;3233;3238;3230;9355;
eed9621b-6412-4f4b-a166-758882cc7a4c;2024-03-19T14:43:00Z;3234.5;3230;3236;3230;8752;
eed9621b-6412-4f4b-a166-758882cc7a4c;2024-03-19T14:44:00Z;3230.5;3227;3232;3222.5;10237;
eed9621b-6412-4f4b-a166-758882cc7a4c;2024-03-19T14:45:00Z;3226.5;3227;3228.5;3225;6604;
eed9621b-6412-4f4b-a166-758882cc7a4c;2024-03-19T14:46:00Z;3227;3228;3231.5;3225.5;7279;
eed9621b-6412-4f4b-a166-758882cc7a4c;2024-03-19T14:47:00Z;3228;3237;3244;3225;41993;
eed9621b-6412-4f4b-a166-758882cc7a4c;2024-03-19T14:48:00Z;3237.5;3240;3244.5;3237;20136;
eed9621b-6412-4f4b-a166-758882cc7a4c;2024-03-19T14:49:00Z;3240;3238.5;3244.5;3236;5532;
eed9621b-6412-4f4b-a166-758882cc7a4c;2024-03-19T14:50:00Z;3240;3239;3240;3238;3701;
eed9621b-6412-4f4b-a166-758882cc7a4c;2024-03-19T14:51:00Z;3239;3239.5;3242;3238;11122;
eed9621b-6412-4f4b-a166-758882cc7a4c;2024-03-19T14:52:00Z;3239.5;3225;3239.5;3220;21978;
eed9621b-6412-4f4b-a166-758882cc7a4c;2024-03-19T14:53:00Z;3222.5;3210;3227.5;3208.5;46561;
eed9621b-6412-4f4b-a166-758882cc7a4c;2024-03-19T14:54:00Z;3210;3200;3210;3195;57144;
eed9621b-6412-4f4b-a166-758882cc7a4c;2024-03-19T14:55:00Z;3202;3201.5;3217;3197;44250;
eed9621b-6412-4f4b-a166-758882cc7a4c;2024-03-19T14:56:00Z;3203.5;3187.5;3207.5;3187.5;92252;
eed9621b-6412-4f4b-a166-758882cc7a4c;2024-03-19T14:57:00Z;3187.5;3191;3193.5;3184;29611;
eed9621b-6412-4f4b-a166-758882cc7a4c;2024-03-19T14:58:00Z;3190.5;3190;3191.5;3187;17663;
eed9621b-6412-4f4b-a166-758882cc7a4c;2024-03-19T14:59:00Z;3189.5;3196.5;3199.5;3189.5;28178;
eed9621b-6412-4f4b-a166-758882cc7a4c;2024-03-19T15:00:00Z;3196.5;3198.5;3205.5;3194;24126;
eed9621b-6412-4f4b-a166-758882cc7a4c;2024-03-19T15:01:00Z;3198.5;3197;3205;3195;27496;
eed9621b-6412-4f4b-a166-758882cc7a4c;2024-03-19T15:02:00Z;3197;3190.5;3197;3189;18354;
eed9621b-6412-4f4b-a166-758882cc7a4c;2024-03-19T15:03:00Z;3190.5;3180;3190.5;3180;22171;
eed9621b-6412-4f4b-a166-758882cc7a4c;2024-03-19T15:04:00Z;3181.5;3166.5;3183;3162;44624;
eed9621b-6412-4f4b-a166-758882cc7a4c;2024-03-19T15:05:00Z;3166;3170;3172;3159;29977;
eed9621b-6412-4f4b-a166-758882cc7a4c;2024-03-19T15:06:00Z;3168.5;3162;3170.5;3160;14375;
eed9621b-6412-4f4b-a166-758882cc7a4c;2024-03-19T15:07:00Z;3161.5;3154.5;3170;3151;38481;
eed9621b-6412-4f4b-a166-758882cc7a4c;2024-03-19T15:08:00Z;3154;3157;3160;3146;56393;
eed9621b-6412-4f4b-a166-758882cc7a4c;2024-03-19T15:09:00Z;3155.5;3159.5;3160;3151.5;16511;
eed9621b-6412-4f4b-a166-758882cc7a4c;2024-03-19T15:10:00Z;3159.5;3160;3160;3155;24859;
eed9621b-6412-4f4b-a166-758882cc7a4c;2024-03-19T15:11:00Z;3160;3157;3160;3153;16998;
eed9621b-6412-4f4b-a166-758882cc7a4c;2024-03-19T15:12:00Z;3157;3160;3160;3155;23088;
eed9621b-6412-4f4b-a166-758882cc7a4c;2024-03-19T15:13:00Z;3159.5;3160;3160;3155.5;7389;
eed9621b-6412-4f4b-a166-758882cc7a4c;2024-03-19T15:14:00Z;3160;3169.5;3180;3158.5;41230;
eed9621b-6412-4f4b-a166-758882cc7a4c;2024-03-19T15:15:00Z;3169.5;3189;3189;3168;22939;
eed9621b-6412-4f4b-a166-758882cc7a4c;2024-03-19T15:16:00Z;3188.5;3198.5;3203.5;3187.5;45474;
eed9621b-6412-4f4b-a166-758882cc7a4c;2024-03-19T15:17:00Z;3198.5;3193.5;3198.5;3186;17984;
eed9621b-6412-4f4b-a166-758882cc7a4c;2024-03-19T15:18:00Z;3192;3196.5;3198.5;3190;21647;
eed9621b-6412-4f4b-a166-758882cc7a4c;2024-03-19T15:19:00Z;3197.5;3206.5;3210;3193.5;18846;
eed9621b-6412-4f4b-a166-758882cc7a4c;2024-03-19T15:20:00Z;3209;3202.5;3211.5;3200.5;17512;
eed9621b-6412-4f4b-a166-758882cc7a4c;2024-03-19T15:21:00Z;3202.5;3208;3210;3200.5;11571;
eed9621b-6412-4f4b-a166-758882cc7a4c;2024-03-19T15:22:00Z;3208.5;3207;3210;3207;5951;
eed9621b-6412-4f4b-a166-758882cc7a4c;2024-03-19T15:23:00Z;3207;3204;3207;3201.5;5071;
eed9621b-6412-4f4b-a166-758882cc7a4c;2024-03-19T15:24:00Z;3203;3196;3206;3194.5;9955;
eed9621b-6412-4f4b-a166-758882cc7a4c;2024-03-19T15:25:00Z;3194.5;3199.5;3203.5;3194.5;11642;
eed9621b-6412-4f4b-a166-758882cc7a4c;2024-03-19T15:26:00Z;3199.5;3205;3205.5;3197;6550;
eed9621b-6412-4f4b-a166-758882cc7a4c;2024-03-19T15:27:00Z;3205;3206.5;3206.5;3203;3899;
eed9621b-6412-4f4b-a166-758882cc7a4c;2024-03-19T15:28:00Z;3205;3208;3208;3204.5;4173;
eed9621b-6412-4f4b-a166-758882cc7a4c;2024-03-19T15:29:00Z;3207;3205;3208;3202.5;5678;
eed9621b-6412-4f4b-a166-758882cc7a4c;2024-03-19T15:30:00Z;3205;3193;3206;3193;11773;
eed9621b-6412-4f4b-a166-758882cc7a4c;2024-03-19T15:31:00Z;3193;3200;3200;3193;33953;
eed9621b-6412-4f4b-a166-758882cc7a4c;2024-03-19T15:32:00Z;3197.5;3200;3200;3196.5;8703;
eed9621b-6412-4f4b-a166-758882cc7a4c;2024-03-19T15:33:00Z;3199;3198.5;3200;3197.5;13249;
eed9621b-6412-4f4b-a166-758882cc7a4c;2024-03-19T15:34:00Z;3198;3203;3205;3194.5;36599;
eed9621b-6412-4f4b-a166-758882cc7a4c;2024-03-19T15:35:00Z;3202.5;3203.5;3205;3202;1025;
eed9621b-6412-4f4b-a166-758882cc7a4c;2024-03-19T15:36:00Z;3205;3207;3207;3203.5;1519;
eed9621b-6412-4f4b-a166-758882cc7a4c;2024-03-19T15:37:00Z;3206.5;3204.5;3207.5;3203;4294;
eed9621b-6412-4f4b-a166-758882cc7a4c;2024-03-19T15:38:00Z;3206.5;3206.5;3206.5;3202;3363;
eed9621b-6412-4f4b-a166-758882cc7a4c;2024-03-19T15:39:00Z;3206.5;3212;3212;3205;9767;
eed9621b-6412-4f4b-a166-758882cc7a4c;2024-03-19T15:45:00Z;3210.5;3210.5;3210.5;3210.5;6395;
eed9621b-6412-4f4b-a166-758882cc7a4c;2024-03-19T15:46:00Z;3210.5;3210.5;3210.5;3210.5;225;
eed9621b-6412-4f4b-a166-758882cc7a4c;2024-03-19T15:47:00Z;3210.5;3210.5;3210.5;3210.5;4700;
eed9621b-6412-4f4b-a166-758882cc7a4c;2024-03-19T15:48:00Z;3210.5;3210.5;3210.5;3210.5;275;
eed9621b-6412-4f4b-a166-758882cc7a4c;2024-03-19T15:49:00Z;3210.5;3210.5;3210.5;3210.5;284;
eed9621b-6412-4f4b-a166-758882cc7a4c;2024-03-19T16:04:00Z;3228.5;3228.5;3228.5;3228.5;3576;
eed9621b-6412-4f4b-a166-758882cc7a4c;2024-03-19T16:05:00Z;3220.5;3225;3228;3210.5;9738;
eed9621b-6412-4f4b-a166-758882cc7a4c;2024-03-19T16:06:00Z;3224;3229.5;3230;3219.5;9148;
eed9621b-6412-4f4b-a166-758882cc7a4c;2024-03-19T16:07:00Z;3229;3220.5;3229;3217;13884;
eed9621b-6412-4f4b-a166-758882cc7a4c;2024-03-19T16:08:00Z;3220.5;3221.5;3224.5;3220;4539;
eed9621b-6412-4f4b-a166-758882cc7a4c;2024-03-19T16:09:00Z;3221.5;3229.5;3229.5;3219;8275;
eed9621b-6412-4f4b-a166-758882cc7a4c;2024-03-19T16:10:00Z;3229;3230.5;3235;3222.5;12184;
eed9621b-6412-4f4b-a166-758882cc7a4c;2024-03-19T16:11:00Z;3232.5;3238;3238;3228;11159;
eed9621b-6412-4f4b-a166-758882cc7a4c;2024-03-19T16:12:00Z;3238;3244.5;3246;3227;16139;
eed9621b-6412-4f4b-a166-758882cc7a4c;2024-03-19T16:13:00Z;3244.5;3244;3249;3241;9830;
eed9621b-6412-4f4b-a166-758882cc7a4c;2024-03-19T16:14:00Z;3242;3235;3243.5;3230.5;10552;
eed9621b-6412-4f4b-a166-758882cc7a4c;2024-03-19T16:15:00Z;3235.5;3236;3238;3232;8344;
eed9621b-6412-4f4b-a166-758882cc7a4c;2024-03-19T16:16:00Z;3237.5;3241;3242;3236.5;6946;
eed9621b-6412-4f4b-a166-758882cc7a4c;2024-03-19T16:17:00Z;3241.5;3240;3243.5;3238.5;3286;
eed9621b-6412-4f4b-a166-758882cc7a4c;2024-03-19T16:18:00Z;3240;3239;3242;3238;3322;
eed9621b-6412-4f4b-a166-758882cc7a4c;2024-03-19T16:19:00Z;3239.5;3240.5;3241;3238.5;3804;
eed9621b-6412-4f4b-a166-758882cc7a4c;2024-03-19T16:20:00Z;3241;3240.5;3241;3238.5;5002;
eed9621b-6412-4f4b-a166-758882cc7a4c;2024-03-19T16:21:00Z;3239;3239;3241;3237;3635;
eed9621b-6412-4f4b-a166-758882cc7a4c;2024-03-19T16:22:00Z;3239;3234;3239;3234;2501;
eed9621b-6412-4f4b-a166-758882cc7a4c;2024-03-19T16:23:00Z;3234;3231.5;3237;3231;5202;
eed9621b-6412-4f4b-a166-758882cc7a4c;2024-03-19T16:24:00Z;3231;3228;3231.5;3224;4834;
eed9621b-6412-4f4b-a166-758882cc7a4c;2024-03-19T16:25:00Z;3227.5;3227;3228.5;3224.5;2597;
eed9621b-6412-4f4b-a166-758882cc7a4c;2024-03-19T16:26:00Z;3227;3230.5;3231;3222.5;6695;
eed9621b-6412-4f4b-a166-758882cc7a4c;2024-03-19T16:27:00Z;3230.5;3232;3233;3229;1257;
eed9621b-6412-4f4b-a166-758882cc7a4c;2024-03-19T16:28:00Z;3231;3231;3232;3227;2648;
eed9621b-6412-4f4b-a166-758882cc7a4c;2024-03-19T16:29:00Z;3231;3233;3233;3229;1373;
eed9621b-6412-4f4b-a166-758882cc7a4c;2024-03-19T16:30:00Z;3232.5;3235;3236;3230.5;2503;
eed9621b-6412-4f4b-a166-758882cc7a4c;2024-03-19T16:31:00Z;3235;3236;3236.5;3235;1204;
eed9621b-6412-4f4b-a166-758882cc7a4c;2024-03-19T16:32:00Z;3236.5;3237.5;3237.5;3235.5;2385;
eed9621b-6412-4f4b-a166-758882cc7a4c;2024-03-19T16:33:00Z;3237.5;3238;3239;3237;4011;
eed9621b-6412-4f4b-a166-758882cc7a4c;2024-03-19T16:34:00Z;3239;3239;3239;3237;2462;
eed9621b-6412-4f4b-a166-758882cc7a4c;2024-03-19T16:35:00Z;3239;3240;3240;3238.5;2818;
eed9621b-6412-4f4b-a166-758882cc7a4c;2024-03-19T16:36:00Z;3239.5;3240.5;3241;3239;2588;
eed9621b-6412-4f4b-a166-758882cc7a4c;2024-03-19T16:37:00Z;3240.5;3240.5;3242;3240;4320;
eed9621b-6412-4f4b-a166-758882cc7a4c;2024-03-19T16:38:00Z;3241.5;3244;3245;3241;6325;
eed9621b-6412-4f4b-a166-758882cc7a4c;2024-03-19T16:39:00Z;3244;3246.5;3247;3244;3815;
eed9621b-6412-4f4b-a166-758882cc7a4c;2024-03-19T16:40:00Z;3246.5;3247;3247;3246;2223;
eed9621b-6412-4f4b-a166-758882cc7a4c;2024-03-19T16:41:00Z;3247;3247;3247;3246;3811;
eed9621b-6412-4f4b-a166-758882cc7a4c;2024-03-19T16:42:00Z;3247;3246;3247;3246;7049;
eed9621b-6412-4f4b-a166-758882cc7a4c;2024-03-19T16:43:00Z;3246;3247;3247;3246;3922;
eed9621b-6412-4f4b-a166-758882cc7a4c;2024-03-19T16:44:00Z;3246.5;3243;3246.5;3242;2558;
eed9621b-6412-4f4b-a166-758882cc7a4c;2024-03-19T16:45:00Z;3243;3244;3244;3241;1705;
eed9621b-6412-4f4b-a166-758882cc7a4c;2024-03-19T16:46:00Z;3243;3242.5;3244;3242.5;439;
eed9621b-6412-4f4b-a166-758882cc7a4c;2024-03-19T16:47:00Z;3243;3245.5;3246;3242.5;2990;
eed9621b-6412-4f4b-a166-758882cc7a4c;2024-03-19T16:48:00Z;3244;3244;3247;3243;2931;
eed9621b-6412-4f4b-a166-758882cc7a4c;2024-03-19T16:49:00Z;3244;3243;3244.5;3243;518;
eed9621b-6412-4f4b-a166-758882cc7a4c;2024-03-19T16:50:00Z;3243.5;3244.5;3244.5;3243.5;709;
eed9621b-6412-4f4b-a166-758882cc7a4c;2024-03-19T16:51:00Z;3244.5;3241.5;3244.5;3241.5;2928;
eed9621b-6412-4f4b-a166-758882cc7a4c;2024-03-19T16:52:00Z;3242.5;3241;3242.5;3241;1541;
eed9621b-6412-4f4b-a166-758882cc7a4c;2024-03-19T16:53:00Z;3242;3241.5;3242;3241;854;
eed9621b-6412-4f4b-a166-758882cc7a4c;2024-03-19T16:54:00Z;3241;3241.5;3242.5;3241;2703;
eed9621b-6412-4f4b-a166-758882cc7a4c;2024-03-19T16:55:00Z;3242;3243;3243;3241;2160;
eed9621b-6412-4f4b-a166-758882cc7a4c;2024-03-19T16:56:00Z;3243;3242.5;3243;3241.5;868;
eed9621b-6412-4f4b-a166-758882cc7a4c;2024-03-19T16:57:00Z;3242.5;3243;3243;3242;1297;
eed9621b-6412-4f4b-a166-758882cc7a4c;2024-03-19T16:58:00Z;3243;3244.5;3245;3242.5;2174;
eed9621b-6412-4f4b-a166-758882cc7a4c;2024-03-19T16:59:00Z;3244.5;3245.5;3245.5;3244;1174;
eed9621b-6412-4f4b-a166-758882cc7a4c;2024-03-19T17:00:00Z;3245.5;3243.5;3245.5;3242;1862;
eed9621b-6412-4f4b-a166-758882cc7a4c;2024-03-19T17:01:00Z;3243;3244.5;3244.5;3243;442;
eed9621b-6412-4f4b-a166-758882cc7a4c;2024-03-19T17:02:00Z;3244.5;3243.5;3244.5;3243;1422;
eed9621b-6412-4f4b-a166-758882cc7a4c;2024-03-19T17:03:00Z;3244;3243.5;3244.5;3243;473;
eed9621b-6412-4f4b-a166-758882cc7a4c;2024-03-19T17:04:00Z;3244;3241;3244;3241;5633;
eed9621b-6412-4f4b-a166-758882cc7a4c;2024-03-19T17:05:00Z;3242;3241;3242;3241;1006;
eed9621b-6412-4f4b-a166-758882cc7a4c;2024-03-19T17:06:00Z;3241;3240.5;3241.5;3240.5;3668;
eed9621b-6412-4f4b-a166-758882cc7a4c;2024-03-19T17:07:00Z;3241;3241;3241.5;3240.5;1343;
eed9621b-6412-4f4b-a166-758882cc7a4c;2024-03-19T17:08:00Z;3241;3241.5;3241.5;3241;887;
eed9621b-6412-4f4b-a166-758882cc7a4c;2024-03-19T17:09:00Z;3241.5;3240.5;3241.5;3240.5;1377;
eed9621b-6412-4f4b-a166-758882cc7a4c;2024-03-19T17:10:00Z;3241;3241;3241.5;3240.5;2891;
eed9621b-6412-4f4b-a166-758882cc7a4c;2024-03-19T17:11:00Z;3240.5;3240.5;3241;3240;8331;
eed9621b-6412-4f4b-a166-758882cc7a4c;2024-03-19T17:12:00Z;3240;3240.5;3240.5;3240;839;
eed9621b-6412-4f4b-a166-758882cc7a4c;2024-03-19T17:13:00Z;3240;3240.5;3240.5;3240;798;
eed9621b-6412-4f4b-a166-758882cc7a4c;2024-03-19T17:14:00Z;3240;3240;3241;3240;755;
eed9621b-6412-4f4b-a166-758882cc7a4c;2024-03-19T17:15:00Z;3240.5;3232.5;3240.5;3232;25934;
eed9621b-6412-4f4b-a166-758882cc7a4c;2024-03-19T17:16:00Z;3233;3231;3233;3230.5;2501;
eed9621b-6412-4f4b-a166-758882cc7a4c;2024-03-19T17:17:00Z;3232;3223.5;3233;3223;4147;
eed9621b-6412-4f4b-a166-758882cc7a4c;2024-03-19T17:18:00Z;3223.5;3227.5;3228;3222.5;3304;
eed9621b-6412-4f4b-a166-758882cc7a4c;2024-03-19T17:19:00Z;3226.5;3219;3227;3217;7786;
eed9621b-6412-4f4b-a166-758882cc7a4c;2024-03-19T17:20:00Z;3221;3211;3222;3208;9731;
eed9621b-6412-4f4b-a166-758882cc7a4c;2024-03-19T17:21:00Z;3210;3223.5;3224;3208.5;6786;
eed9621b-6412-4f4b-a166-758882cc7a4c;2024-03-19T17:22:00Z;3223.5;3228;3228.5;3223;3099;
eed9621b-6412-4f4b-a166-758882cc7a4c;2024-03-19T17:23:00Z;3227.5;3225.5;3228.5;3222;2101;
eed9621b-6412-4f4b-a166-758882cc7a4c;2024-03-19T17:24:00Z;3225.5;3223.5;3227;3223.5;1640;
eed9621b-6412-4f4b-a166-758882cc7a4c;2024-03-19T17:25:00Z;3224;3224;3224;3223.5;354;
eed9621b-6412-4f4b-a166-758882cc7a4c;2024-03-19T17:26:00Z;3223.5;3225.5;3226;3222;1022;
eed9621b-6412-4f4b-a166-758882cc7a4c;2024-03-19T17:27:00Z;3224;3230;3230;3223.5;2208;
eed9621b-6412-4f4b-a166-758882cc7a4c;2024-03-19T17:28:00Z;3229.5;3232;3232.5;3229;1837;
eed9621b-6412-4f4b-a166-758882cc7a4c;2024-03-19T17:29:00Z;3232.5;3229.5;3234;3229.5;758;
eed9621b-6412-4f4b-a166-758882cc7a4c;2024-03-19T17:30:00Z;3230.5;3222.5;3231;3218;7025;
eed9621b-6412-4f4b-a166-758882cc7a4c;2024-03-19T17:31:00Z;3222.5;3217;3225;3214.5;3345;
eed9621b-6412-4f4b-a166-758882cc7a4c;2024-03-19T17:32:00Z;3216.5;3220;3222.5;3216;1421;
eed9621b-6412-4f4b-a166-758882cc7a4c;2024-03-19T17:33:00Z;3220.5;3220;3222;3218.5;1121;
eed9621b-6412-4f4b-a166-758882cc7a4c;2024-03-19T17:34:00Z;3220;3220.5;3221.5;3218;694;
eed9621b-6412-4f4b-a166-758882cc7a4c;2024-03-19T17:35:00Z;3220.5;3220;3221;3218;1058;
eed9621b-6412-4f4b-a166-758882cc7a4c;2024-03-19T17:36:00Z;3218.5;3220;3220;3218;478;
eed9621b-6412-4f4b-a166-758882cc7a4c;2024-03-19T17:37:00Z;3220;3220;3221;3219;501;
eed9621b-6412-4f4b-a166-758882cc7a4c;2024-03-19T17:38:00Z;3220;3221;3221;3219;414;
eed9621b-6412-4f4b-a166-758882cc7a4c;2024-03-19T17:39:00Z;3221;3219.5;3221.5;3219.5;528;
eed9621b-6412-4f4b-a166-758882cc7a4c;2024-03-19T17:40:00Z;3220;3218.5;3220;3218.5;886;
eed9621b-6412-4f4b-a166-758882cc7a4c;2024-03-19T17:41:00Z;3219.5;3218;3220;3217.5;696;
eed9621b-6412-4f4b-a166-758882cc7a4c;2024-03-19T17:42:00Z;3217.5;3216.5;3218;3216;950;
eed9621b-6412-4f4b-a166-758882cc7a4c;2024-03-19T17:43:00Z;3216.5;3217.5;3218.5;3215.5;1815;
eed9621b-6412-4f4b-a166-758882cc7a4c;2024-03-19T17:44:00Z;3217.5;3215.5;3219;3215.5;2974;
eed9621b-6412-4f4b-a166-758882cc7a4c;2024-03-19T17:45:00Z;3215.5;3216;3216;3215.5;1760;
eed9621b-6412-4f4b-a166-758882cc7a4c;2024-03-19T17:46:00Z;3215.5;3212;3215.5;3211;3141;
eed9621b-6412-4f4b-a166-758882cc7a4c;2024-03-19T17:47:00Z;3211.5;3214.5;3214.5;3210;3548;
eed9621b-6412-4f4b-a166-758882cc7a4c;2024-03-19T17:48:00Z;3214.5;3214;3215;3213.5;522;
eed9621b-6412-4f4b-a166-758882cc7a4c;2024-03-19T17:49:00Z;3214;3224.5;3225;3214;6277;
eed9621b-6412-4f4b-a166-758882cc7a4c;2024-03-19T17:50:00Z;3224;3220.5;3226;3220;3185;
eed9621b-6412-4f4b-a166-758882cc7a4c;2024-03-19T17:51:00Z;3221.5;3219;3222;3219;235;
eed9621b-6412-4f4b-a166-758882cc7a4c;2024-03-19T17:52:00Z;3218.5;3220;3220;3218.5;440;
eed9621b-6412-4f4b-a166-758882cc7a4c;2024-03-19T17:53:00Z;3218.5;3220.5;3222;3218;1406;
eed9621b-6412-4f4b-a166-758882cc7a4c;2024-03-19T17:54:00Z;3221;3220;3224.5;3219;1248;
eed9621b-6412-4f4b-a166-758882cc7a4c;2024-03-19T17:55:00Z;3220;3219;3222;3219;2175;
eed9621b-6412-4f4b-a166-758882cc7a4c;2024-03-19T17:56:00Z;3220;3214;3220;3213.5;1361;
eed9621b-6412-4f4b-a166-758882cc7a4c;2024-03-19T17:57:00Z;3214;3217.5;3218.5;3213;438;
eed9621b-6412-4f4b-a166-758882cc7a4c;2024-03-19T17:58:00Z;3218;3217.5;3219;3215.5;640;
eed9621b-6412-4f4b-a166-758882cc7a4c;2024-03-19T17:59:00Z;3219;3219;3220;3217;1782;
eed9621b-6412-4f4b-a166-758882cc7a4c;2024-03-19T18:00:00Z;3219;3219;3220;3217.5;667;
eed9621b-6412-4f4b-a166-758882cc7a4c;2024-03-19T18:01:00Z;3219;3219;3220;3217;576;
eed9621b-6412-4f4b-a166-758882cc7a4c;2024-03-19T18:02:00Z;3219;3218.5;3219;3216;538;
eed9621b-6412-4f4b-a166-758882cc7a4c;2024-03-19T18:03:00Z;3219;3218;3219;3217;184;
eed9621b-6412-4f4b-a166-758882cc7a4c;2024-03-19T18:04:00Z;3217.5;3217.5;3218;3217.5;213;
eed9621b-6412-4f4b-a166-758882cc7a4c;2024-03-19T18:05:00Z;3217.5;3218;3218;3217;194;
eed9621b-6412-4f4b-a166-758882cc7a4c;2024-03-19T18:06:00Z;3218;3217.5;3219;3217;599;
eed9621b-6412-4f4b-a166-758882cc7a4c;2024-03-19T18:07:00Z;3217.5;3215.5;3218;3215.5;1597;
eed9621b-6412-4f4b-a166-758882cc7a4c;2024-03-19T18:08:00Z;3215.5;3214;3217;3212.5;1447;
eed9621b-6412-4f4b-a166-758882cc7a4c;2024-03-19T18:09:00Z;3213;3214;3214.5;3212.5;360;
eed9621b-6412-4f4b-a166-758882cc7a4c;2024-03-19T18:10:00Z;3214;3214.5;3214.5;3212;1072;
eed9621b-6412-4f4b-a166-758882cc7a4c;2024-03-19T18:11:00Z;3213;3214.5;3215;3212;2034;
eed9621b-6412-4f4b-a166-758882cc7a4c;2024-03-19T18:12:00Z;3214.5;3214;3214.5;3211;1296;
eed9621b-6412-4f4b-a166-758882cc7a4c;2024-03-19T18:13:00Z;3214;3214;3215;3212;526;
eed9621b-6412-4f4b-a166-758882cc7a4c;2024-03-19T18:14:00Z;3214;3214.5;3214.5;3211;375;
eed9621b-6412-4f4b-a166-758882cc7a4c;2024-03-19T18:15:00Z;3214.5;3215;3215;3213;256;
eed9621b-6412-4f4b-a166-758882cc7a4c;2024-03-19T18:16:00Z;3215;3216;3217;3214;1522;
eed9621b-6412-4f4b-a166-758882cc7a4c;2024-03-19T18:17:00Z;3216;3218;3218;3215.5;504;
eed9621b-6412-4f4b-a166-758882cc7a4c;2024-03-19T18:18:00Z;3217.5;3217.5;3218;3216;599;
eed9621b-6412-4f4b-a166-758882cc7a4c;2024-03-19T18:19:00Z;3218;3220;3220;3217.5;1955;
eed9621b-6412-4f4b-a166-758882cc7a4c;2024-03-19T18:20:00Z;3220;3220;3220;3217.5;1068;
eed9621b-6412-4f4b-a166-758882cc7a4c;2024-03-19T18:21:00Z;3220;3220;3221;3218.5;454;
eed9621b-6412-4f4b-a166-758882cc7a4c;2024-03-19T18:22:00Z;3221;3220.5;3221;3220;481;
eed9621b-6412-4f4b-a166-758882cc7a4c;2024-03-19T18:23:00Z;3221;3220.5;3221;3220;521;
eed9621b-6412-4f4b-a166-758882cc7a4c;2024-03-19T18:24:00Z;3221;3221;3221;3220;259;
eed9621b-6412-4f4b-a166-758882cc7a4c;2024-03-19T18:25:00Z;3221;3220.5;3221;3220.5;448;
eed9621b-6412-4f4b-a166-758882cc7a4c;2024-03-19T18:26:00Z;3220.5;3221;3221;3220.5;435;
eed9621b-6412-4f4b-a166-758882cc7a4c;2024-03-19T18:27:00Z;3221;3222;3222;3220.5;936;
eed9621b-6412-4f4b-a166-758882cc7a4c;2024-03-19T18:28:00Z;3222;3223;3223.5;3220;1482;
eed9621b-6412-4f4b-a166-758882cc7a4c;2024-03-19T18:29:00Z;3223;3226.5;3229;3221.5;8466;
eed9621b-6412-4f4b-a166-758882cc7a4c;2024-03-19T18:30:00Z;3227.5;3229.5;3229.5;3226.5;1480;
eed9621b-6412-4f4b-a166-758882cc7a4c;2024-03-19T18:31:00Z;3228.5;3229.5;3231.5;3224;1799;
eed9621b-6412-4f4b-a166-758882cc7a4c;2024-03-19T18:32:00Z;3229;3230.5;3230.5;3227.5;2173;
eed9621b-6412-4f4b-a166-758882cc7a4c;2024-03-19T18:33:00Z;3229.5;3235;3235;3228.5;4736;
eed9621b-6412-4f4b-a166-758882cc7a4c;2024-03-19T18:34:00Z;3233;3234.5;3235;3232;2028;
eed9621b-6412-4f4b-a166-758882cc7a4c;2024-03-19T18:35:00Z;3234.5;3237.5;3240;3234.5;7105;
eed9621b-6412-4f4b-a166-758882cc7a4c;2024-03-19T18:36:00Z;3238.5;3239;3240;3236;1685;
eed9621b-6412-4f4b-a166-758882cc7a4c;2024-03-19T18:37:00Z;3239;3238;3241.5;3234.5;2842;
eed9621b-6412-4f4b-a166-758882cc7a4c;2024-03-19T18:38:00Z;3238;3237;3240;3234.5;2828;
eed9621b-6412-4f4b-a166-758882cc7a4c;2024-03-19T18:39:00Z;3236.5;3234.5;3237;3234.5;1627;
eed9621b-6412-4f4b-a166-758882cc7a4c;2024-03-19T18:40:00Z;3234.5;3233.5;3239.5;3228.5;3353;
eed9621b-6412-4f4b-a166-758882cc7a4c;2024-03-19T18:41:00Z;3232.5;3234;3237;3230.5;3051;
eed9621b-6412-4f4b-a166-758882cc7a4c;2024-03-19T18:42:00Z;3234;3233;3235.5;3230;1489;
eed9621b-6412-4f4b-a166-758882cc7a4c;2024-03-19T18:43:00Z;3233;3233.5;3238.5;3232.5;3336;
eed9621b-6412-4f4b-a166-758882cc7a4c;2024-03-19T18:44:00Z;3233.5;3232.5;3237;3230.5;1504;
eed9621b-6412-4f4b-a166-758882cc7a4c;2024-03-19T18:45:00Z;3233;3235;3237.5;3231.5;2181;
eed9621b-6412-4f4b-a166-758882cc7a4c;2024-03-19T18:46:00Z;3235.5;3233.5;3235.5;3233;496;
eed9621b-6412-4f4b-a166-758882cc7a4c;2024-03-19T18:47:00Z;3233.5;3233;3233.5;3231.5;1368;
eed9621b-6412-4f4b-a166-758882cc7a4c;2024-03-19T18:48:00Z;3232;3230.5;3233.5;3230;1547;
eed9621b-6412-4f4b-a166-758882cc7a4c;2024-03-19T18:49:00Z;3231.5;3223;3232;3222.5;4113;
eed9621b-6412-4f4b-a166-758882cc7a4c;2024-03-19T18:50:00Z;3224.5;3231;3234.5;3223.5;3452;
eed9621b-6412-4f4b-a166-758882cc7a4c;2024-03-19T18:51:00Z;3231;3232.5;3234;3230.5;638;
eed9621b-6412-4f4b-a166-758882cc7a4c;2024-03-19T18:52:00Z;3232.5;3232.5;3236;3226.5;4110;
eed9621b-6412-4f4b-a166-758882cc7a4c;2024-03-19T18:53:00Z;3231;3230;3236;3226.5;3420;
eed9621b-6412-4f4b-a166-758882cc7a4c;2024-03-19T18:54:00Z;3230;3228.5;3236;3226.5;3742;
eed9621b-6412-4f4b-a166-758882cc7a4c;2024-03-19T18:55:00Z;3229.5;3228;3230;3226;1658;
eed9621b-6412-4f4b-a166-758882cc7a4c;2024-03-19T18:56:00Z;3228;3234;3235.5;3228;2097;
eed9621b-6412-4f4b-a166-758882cc7a4c;2024-03-19T18:57:00Z;3235.5;3238.5;3239.5;3233;2968;
eed9621b-6412-4f4b-a166-758882cc7a4c;2024-03-19T18:58:00Z;3238.5;3243;3243.5;3232.5;7153;
eed9621b-6412-4f4b-a166-758882cc7a4c;2024-03-19T18:59:00Z;3242.5;3242.5;3243.5;3240;749;
eed9621b-6412-4f4b-a166-758882cc7a4c;2024-03-19T19:00:00Z;3241;3242.5;3244;3241;806;
eed9621b-6412-4f4b-a166-758882cc7a4c;2024-03-19T19:01:00Z;3243;3242.5;3244;3242;1147;
eed9621b-6412-4f4b-a166-758882cc7a4c;2024-03-19T19:02:00Z;3242.5;3240;3244;3240;652;
eed9621b-6412-4f4b-a166-758882cc7a4c;2024-03-19T19:03:00Z;3240;3238.5;3240;3233.5;2070;
eed9621b-6412-4f4b-a166-758882cc7a4c;2024-03-19T19:04:00Z;3236.5;3239.5;3239.5;3236.5;1807;
eed9621b-6412-4f4b-a166-758882cc7a4c;2024-03-19T19:05:00Z;3238.5;3238.5;3240;3238;587;
eed9621b-6412-4f4b-a166-758882cc7a4c;2024-03-19T19:06:00Z;3238.5;3237;3239;3235.5;1000;
eed9621b-6412-4f4b-a166-758882cc7a4c;2024-03-19T19:07:00Z;3236;3235.5;3237;3235;869;
eed9621b-6412-4f4b-a166-758882cc7a4c;2024-03-19T19:08:00Z;3236;3236;3236;3235;133;
eed9621b-6412-4f4b-a166-758882cc7a4c;2024-03-19T19:09:00Z;3236;3236.5;3236.5;3235.5;296;
eed9621b-6412-4f4b-a166-758882cc7a4c;2024-03-19T19:10:00Z;3236.5;3236.5;3236.5;3236;4817;
eed9621b-6412-4f4b-a166-758882cc7a4c;2024-03-19T19:11:00Z;3236.5;3236;3236.5;3235.5;829;
eed9621b-6412-4f4b-a166-758882cc7a4c;2024-03-19T19:12:00Z;3236;3235.5;3236;3235.5;298;
eed9621b-6412-4f4b-a166-758882cc7a4c;2024-03-19T19:13:00Z;3236;3236;3236;3235;949;
eed9621b-6412-4f4b-a166-758882cc7a4c;2024-03-19T19:14:00Z;3235;3235;3236;3235;849;
eed9621b-6412-4f4b-a166-758882cc7a4c;2024-03-19T19:15:00Z;3236;3235.5;3236;3235.5;629;
eed9621b-6412-4f4b-a166-758882cc7a4c;2024-03-19T19:16:00Z;3235.5;3233;3236;3231.5;4516;
eed9621b-6412-4f4b-a166-758882cc7a4c;2024-03-19T19:17:00Z;3233;3232.5;3235;3232;258;
eed9621b-6412-4f4b-a166-758882cc7a4c;2024-03-19T19:18:00Z;3232.5;3234.5;3234.5;3232;171;
eed9621b-6412-4f4b-a166-758882cc7a4c;2024-03-19T19:19:00Z;3234;3233.5;3234.5;3233.5;551;
eed9621b-6412-4f4b-a166-758882cc7a4c;2024-03-19T19:20:00Z;3234;3234;3234;3233;1338;
eed9621b-6412-4f4b-a166-758882cc7a4c;2024-03-19T19:21:00Z;3234;3234.5;3234.5;3233;896;
eed9621b-6412-4f4b-a166-758882cc7a4c;2024-03-19T19:22:00Z;3233.5;3234.5;3234.5;3233.5;171;
eed9621b-6412-4f4b-a166-758882cc7a4c;2024-03-19T19:23:00Z;3234.5;3234.5;3234.5;3234;182;
eed9621b-6412-4f4b-a166-758882cc7a4c;2024-03-19T19:24:00Z;3234.5;3234.5;3234.5;3234;56;
eed9621b-6412-4f4b-a166-758882cc7a4c;2024-03-19T19:25:00Z;3234.5;3234.5;3235;3234;425;
eed9621b-6412-4f4b-a166-758882cc7a4c;2024-03-19T19:26:00Z;3234.5;3235;3235;3233.5;915;
eed9621b-6412-4f4b-a166-758882cc7a4c;2024-03-19T19:27:00Z;3235;3233.5;3235;3233.5;546;
eed9621b-6412-4f4b-a166-758882cc7a4c;2024-03-19T19:28:00Z;3234;3233;3234.5;3230;3444;
eed9621b-6412-4f4b-a166-758882cc7a4c;2024-03-19T19:29:00Z;3233;3230;3233;3230;864;
eed9621b-6412-4f4b-a166-758882cc7a4c;2024-03-19T19:30:00Z;3231;3233;3234;3230;738;
eed9621b-6412-4f4b-a166-758882cc7a4c;2024-03-19T19:31:00Z;3233;3233;3234.5;3232;386;
eed9621b-6412-4f4b-a166-758882cc7a4c;2024-03-19T19:32:00Z;3233;3232;3234;3229.5;2498;
eed9621b-6412-4f4b-a166-758882cc7a4c;2024-03-19T19:33:00Z;3232;3233.5;3234.5;3231;741;
eed9621b-6412-4f4b-a166-758882cc7a4c;2024-03-19T19:34:00Z;3233.5;3233;3233.5;3232;149;
eed9621b-6412-4f4b-a166-758882cc7a4c;2024-03-19T19:35:00Z;3233;3233;3233.5;3231.5;339;
eed9621b-6412-4f4b-a166-758882cc7a4c;2024-03-19T19:36:00Z;3233;3233;3233;3231;293;
eed9621b-6412-4f4b-a166-758882cc7a4c;2024-03-19T19:37:00Z;3233;3233;3233;3232;1078;
eed9621b-6412-4f4b-a166-758882cc7a4c;2024-03-19T19:38:00Z;3233;3235;3235;3232.5;2085;
eed9621b-6412-4f4b-a166-758882cc7a4c;2024-03-19T19:39:00Z;3234;3235;3235;3234;1478;
eed9621b-6412-4f4b-a166-758882cc7a4c;2024-03-19T19:40:00Z;3235;3236;3236;3234.5;2126;
eed9621b-6412-4f4b-a166-758882cc7a4c;2024-03-19T19:41:00Z;3235;3235;3236;3234.5;376;
eed9621b-6412-4f4b-a166-758882cc7a4c;2024-03-19T19:42:00Z;3235;3235;3235;3234;387;
eed9621b-6412-4f4b-a166-758882cc7a4c;2024-03-19T19:43:00Z;3235;3234.5;3235;3234.5;125;
eed9621b-6412-4f4b-a166-758882cc7a4c;2024-03-19T19:44:00Z;3234;3233.5;3234.5;3233;598;
eed9621b-6412-4f4b-a166-758882cc7a4c;2024-03-19T19:45:00Z;3233.5;3234;3234.5;3233.5;769;
eed9621b-6412-4f4b-a166-758882cc7a4c;2024-03-19T19:46:00Z;3234;3234.5;3234.5;3233.5;2385;
eed9621b-6412-4f4b-a166-758882cc7a4c;2024-03-19T19:47:00Z;3235;3236;3236;3234;5566;
eed9621b-6412-4f4b-a166-758882cc7a4c;2024-03-19T19:48:00Z;3235;3236;3237;3234;2651;
eed9621b-6412-4f4b-a166-758882cc7a4c;2024-03-19T19:49:00Z;3235.5;3238;3238;3235.5;396;
eed9621b-6412-4f4b-a166-758882cc7a4c;2024-03-19T19:50:00Z;3238;3238;3239.5;3237.5;4094;
eed9621b-6412-4f4b-a166-758882cc7a4c;2024-03-19T19:51:00Z;3237.5;3241;3242;3237.5;3481;
eed9621b-6412-4f4b-a166-758882cc7a4c;2024-03-19T19:52:00Z;3241;3236.5;3241.5;3231.5;7039;
eed9621b-6412-4f4b-a166-758882cc7a4c;2024-03-19T19:53:00Z;3236.5;3239.5;3244;3236.5;3754;
eed9621b-6412-4f4b-a166-758882cc7a4c;2024-03-19T19:54:00Z;3239.5;3239;3240.5;3238;265;
eed9621b-6412-4f4b-a166-758882cc7a4c;2024-03-19T19:55:00Z;3239;3242.5;3243;3238;2990;
eed9621b-6412-4f4b-a166-758882cc7a4c;2024-03-19T19:56:00Z;3242.5;3244;3245;3240;2269;
eed9621b-6412-4f4b-a166-758882cc7a4c;2024-03-19T19:57:00Z;3243;3244;3245;3243;545;
eed9621b-6412-4f4b-a166-758882cc7a4c;2024-03-19T19:58:00Z;3245;3247.5;3247.5;3244;5762;
eed9621b-6412-4f4b-a166-758882cc7a4c;2024-03-19T19:59:00Z;3247.5;3248;3248;3247;1098;
eed9621b-6412-4f4b-a166-758882cc7a4c;2024-03-19T20:00:00Z;3247;3247;3248;3245;1404;
eed9621b-6412-4f4b-a166-758882cc7a4c;2024-03-19T20:01:00Z;3245.5;3247.5;3247.5;3245;1325;
eed9621b-6412-4f4b-a166-758882cc7a4c;2024-03-19T20:02:00Z;3247;3246;3248;3246;1443;
eed9621b-6412-4f4b-a166-758882cc7a4c;2024-03-19T20:03:00Z;3247;3246.5;3247;3246;970;
eed9621b-6412-4f4b-a166-758882cc7a4c;2024-03-19T20:04:00Z;3246.5;3246.5;3247;3246;581;
eed9621b-6412-4f4b-a166-758882cc7a4c;2024-03-19T20:05:00Z;3246;3246.5;3248.5;3246;2773;
eed9621b-6412-4f4b-a166-758882cc7a4c;2024-03-19T20:06:00Z;3247.5;3247.5;3248;3246;1575;
eed9621b-6412-4f4b-a166-758882cc7a4c;2024-03-19T20:07:00Z;3247.5;3248;3248.5;3246;3570;
eed9621b-6412-4f4b-a166-758882cc7a4c;2024-03-19T20:08:00Z;3248.5;3248;3249;3246;1944;
eed9621b-6412-4f4b-a166-758882cc7a4c;2024-03-19T20:09:00Z;3248;3247;3248.5;3247;1058;
eed9621b-6412-4f4b-a166-758882cc7a4c;2024-03-19T20:10:00Z;3247;3247;3248.5;3247;317;
eed9621b-6412-4f4b-a166-758882cc7a4c;2024-03-19T20:11:00Z;3247.5;3248;3248.5;3246;2668;
eed9621b-6412-4f4b-a166-758882cc7a4c;2024-03-19T20:12:00Z;3248;3248;3248.5;3247;259;
eed9621b-6412-4f4b-a166-758882cc7a4c;2024-03-19T20:13:00Z;3248;3248.5;3248.5;3247;879;
eed9621b-6412-4f4b-a166-758882cc7a4c;2024-03-19T20:14:00Z;3248;3248.5;3248.5;3248;1459;
eed9621b-6412-4f4b-a166-758882cc7a4c;2024-03-19T20:15:00Z;3248.5;3248.5;3248.5;3248;2011;
eed9621b-6412-4f4b-a166-758882cc7a4c;2024-03-19T20:16:00Z;3248;3248;3248.5;3246.5;1731;
eed9621b-6412-4f4b-a166-758882cc7a4c;2024-03-19T20:17:00Z;3248;3247;3248.5;3246;2611;
eed9621b-6412-4f4b-a166-758882cc7a4c;2024-03-19T20:18:00Z;3246.5;3242.5;3247;3240.5;5875;
eed9621b-6412-4f4b-a166-758882cc7a4c;2024-03-19T20:19:00Z;3244;3243.5;3245.5;3240.5;1235;
eed9621b-6412-4f4b-a166-758882cc7a4c;2024-03-19T20:20:00Z;3243;3240.5;3244;3235.5;3565;
eed9621b-6412-4f4b-a166-758882cc7a4c;2024-03-19T20:21:00Z;3239;3239.5;3241.5;3238;1914;
eed9621b-6412-4f4b-a166-758882cc7a4c;2024-03-19T20:22:00Z;3240;3244.5;3244.5;3239.5;1627;
eed9621b-6412-4f4b-a166-758882cc7a4c;2024-03-19T20:23:00Z;3244;3243;3245;3241.5;1597;
eed9621b-6412-4f4b-a166-758882cc7a4c;2024-03-19T20:24:00Z;3243;3245;3245;3243;872;
eed9621b-6412-4f4b-a166-758882cc7a4c;2024-03-19T20:25:00Z;3245;3237;3245;3232;8389;
eed9621b-6412-4f4b-a166-758882cc7a4c;2024-03-19T20:26:00Z;3236;3239;3239;3236;199;
eed9621b-6412-4f4b-a166-758882cc7a4c;2024-03-19T20:27:00Z;3239;3238;3239.5;3236.5;1646;
eed9621b-6412-4f4b-a166-758882cc7a4c;2024-03-19T20:28:00Z;3238;3238;3239;3236.5;543;
eed9621b-6412-4f4b-a166-758882cc7a4c;2024-03-19T20:29:00Z;3238;3239;3241.5;3238;1076;
eed9621b-6412-4f4b-a166-758882cc7a4c;2024-03-19T20:30:00Z;3239;3241.5;3243;3238.5;548;
eed9621b-6412-4f4b-a166-758882cc7a4c;2024-03-19T20:31:00Z;3242.5;3242.5;3244;3242;553;
eed9621b-6412-4f4b-a166-758882cc7a4c;2024-03-19T20:32:00Z;3243;3241;3245.5;3241;1175;
eed9621b-6412-4f4b-a166-758882cc7a4c;2024-03-19T20:33:00Z;3242;3243.5;3243.5;3241.5;809;
eed9621b-6412-4f4b-a166-758882cc7a4c;2024-03-19T20:34:00Z;3243;3242.5;3243.5;3242;1179;
eed9621b-6412-4f4b-a166-758882cc7a4c;2024-03-19T20:35:00Z;3242;3242.5;3245.5;3242;2251;
eed9621b-6412-4f4b-a166-758882cc7a4c;2024-03-19T20:36:00Z;3244;3246.5;3246.5;3243;774;
eed9621b-6412-4f4b-a166-758882cc7a4c;2024-03-19T20:37:00Z;3246;3247;3247;3246;570;
eed9621b-6412-4f4b-a166-758882cc7a4c;2024-03-19T20:38:00Z;3247;3247;3248.5;3246.5;2873;
eed9621b-6412-4f4b-a166-758882cc7a4c;2024-03-19T20:39:00Z;3247;3248;3249;3246;2189;
eed9621b-6412-4f4b-a166-758882cc7a4c;2024-03-19T20:40:00Z;3248.5;3249;3249.5;3247.5;4925;
eed9621b-6412-4f4b-a166-758882cc7a4c;2024-03-19T20:41:00Z;3249;3249.5;3249.5;3248;771;
eed9621b-6412-4f4b-a166-758882cc7a4c;2024-03-19T20:42:00Z;3249.5;3249;3249.5;3248;328;
eed9621b-6412-4f4b-a166-758882cc7a4c;2024-03-19T20:43:00Z;3249;3249;3249.5;3248.5;1865;
eed9621b-6412-4f4b-a166-758882cc7a4c;2024-03-19T20:44:00Z;3249;3248.5;3249;3248;1184;
eed9621b-6412-4f4b-a166-758882cc7a4c;2024-03-19T20:45:00Z;3249;3249.5;3249.5;3244.5;2078;
eed9621b-6412-4f4b-a166-758882cc7a4c;2024-03-19T20:46:00Z;3249.5;3250;3250;3249;14674;
eed9621b-6412-4f4b-a166-758882cc7a4c;2024-03-19T20:47:00Z;3250;3249.5;3250;3249;7049;
eed9621b-6412-4f4b-a166-758882cc7a4c;2024-03-19T20:48:00Z;3250;3249.5;3251;3246;14854;
eed9621b-6412-4f4b-a166-758882cc7a4c;2024-03-19T20:49:00Z;3249.5;3252.5;3252.5;3248;6219;
